USE [insta_db]
GO
/****** Object:  Table [dbo].[albums]    Script Date: 27.03.2025 17:35:22 ******/
SET ANSI_NULLS ON
GO
SET QUOTED_IDENTIFIER ON
GO
CREATE TABLE [dbo].[albums](
	[id] [int] IDENTITY(1,1) NOT NULL,
	[title] [nvarchar](50) NOT NULL,
	[description] [nvarchar](512) NULL,
	[creation_date] [smalldatetime] NOT NULL,
	[user_id] [int] NOT NULL,
	[deleted_at] [smalldatetime] NULL,
	[updated_at] [smalldatetime] NULL,
	[rate] [int] NULL,
PRIMARY KEY CLUSTERED 
(
	[id] ASC
)WITH (PAD_INDEX = OFF, STATISTICS_NORECOMPUTE = OFF, IGNORE_DUP_KEY = OFF, ALLOW_ROW_LOCKS = ON, ALLOW_PAGE_LOCKS = ON, OPTIMIZE_FOR_SEQUENTIAL_KEY = OFF) ON [PRIMARY]
) ON [PRIMARY]
GO
/****** Object:  Table [dbo].[images]    Script Date: 27.03.2025 17:35:22 ******/
SET ANSI_NULLS ON
GO
SET QUOTED_IDENTIFIER ON
GO
CREATE TABLE [dbo].[images](
	[id] [int] IDENTITY(1,1) NOT NULL,
	[title] [nvarchar](50) NOT NULL,
	[publish_date] [smalldatetime] NOT NULL,
	[link] [varchar](200) NOT NULL,
	[deleted_at] [smalldatetime] NULL,
	[user_id] [int] NOT NULL,
	[album_id] [int] NOT NULL,
 CONSTRAINT [PK__images__3213E83F209992F8] PRIMARY KEY CLUSTERED 
(
	[id] ASC
)WITH (PAD_INDEX = OFF, STATISTICS_NORECOMPUTE = OFF, IGNORE_DUP_KEY = OFF, ALLOW_ROW_LOCKS = ON, ALLOW_PAGE_LOCKS = ON, OPTIMIZE_FOR_SEQUENTIAL_KEY = OFF) ON [PRIMARY]
) ON [PRIMARY]
GO
/****** Object:  Table [dbo].[users]    Script Date: 27.03.2025 17:35:22 ******/
SET ANSI_NULLS ON
GO
SET QUOTED_IDENTIFIER ON
GO
CREATE TABLE [dbo].[users](
	[id] [int] IDENTITY(1,1) NOT NULL,
	[email] [nvarchar](50) NOT NULL,
	[nickname] [nvarchar](50) NOT NULL,
	[password] [nvarchar](50) NOT NULL,
	[birthday] [date] NOT NULL,
	[deleted_at] [smalldatetime] NULL,
 CONSTRAINT [PK_users] PRIMARY KEY CLUSTERED 
(
	[id] ASC
)WITH (PAD_INDEX = OFF, STATISTICS_NORECOMPUTE = OFF, IGNORE_DUP_KEY = OFF, ALLOW_ROW_LOCKS = ON, ALLOW_PAGE_LOCKS = ON, OPTIMIZE_FOR_SEQUENTIAL_KEY = OFF) ON [PRIMARY]
) ON [PRIMARY]
GO
SET IDENTITY_INSERT [dbo].[albums] ON 
GO
INSERT [dbo].[albums] ([id], [title], [description], [creation_date], [user_id], [deleted_at], [updated_at], [rate]) VALUES (2, N'Thicket Sedge', N'Unspecified effects of lightning, initial encounter', CAST(N'2021-01-11T00:00:00' AS SmallDateTime), 193, CAST(N'2025-02-25T19:06:00' AS SmallDateTime), CAST(N'2022-01-25T00:00:00' AS SmallDateTime), 100)
GO
INSERT [dbo].[albums] ([id], [title], [description], [creation_date], [user_id], [deleted_at], [updated_at], [rate]) VALUES (3, N'Itchgrass', NULL, CAST(N'2022-03-21T00:00:00' AS SmallDateTime), 2, NULL, CAST(N'2021-07-09T00:00:00' AS SmallDateTime), 10)
GO
INSERT [dbo].[albums] ([id], [title], [description], [creation_date], [user_id], [deleted_at], [updated_at], [rate]) VALUES (4, N'Greenman''s Bluet', NULL, CAST(N'2021-07-06T00:00:00' AS SmallDateTime), 194, NULL, NULL, NULL)
GO
INSERT [dbo].[albums] ([id], [title], [description], [creation_date], [user_id], [deleted_at], [updated_at], [rate]) VALUES (5, N'Guadeloupe Peperomia', NULL, CAST(N'2021-07-11T00:00:00' AS SmallDateTime), 2, NULL, CAST(N'2021-02-01T00:00:00' AS SmallDateTime), 8)
GO
INSERT [dbo].[albums] ([id], [title], [description], [creation_date], [user_id], [deleted_at], [updated_at], [rate]) VALUES (6, N'Woolly Princesplume', NULL, CAST(N'2021-12-12T00:00:00' AS SmallDateTime), 137, NULL, CAST(N'2022-01-18T00:00:00' AS SmallDateTime), 8)
GO
INSERT [dbo].[albums] ([id], [title], [description], [creation_date], [user_id], [deleted_at], [updated_at], [rate]) VALUES (7, N'Map Lichen', N'Pasngr in 3-whl mv inj in clsn w nonmtr veh in traf, init', CAST(N'2021-09-28T00:00:00' AS SmallDateTime), 2, NULL, NULL, NULL)
GO
INSERT [dbo].[albums] ([id], [title], [description], [creation_date], [user_id], [deleted_at], [updated_at], [rate]) VALUES (8, N'Palamocladium Moss', NULL, CAST(N'2021-06-04T00:00:00' AS SmallDateTime), 105, NULL, NULL, NULL)
GO
INSERT [dbo].[albums] ([id], [title], [description], [creation_date], [user_id], [deleted_at], [updated_at], [rate]) VALUES (9, N'Colorado Blue Columbine', N'Unsp traum displ spondylolysis of sixth cervcal vert, 7thD', CAST(N'2022-01-14T00:00:00' AS SmallDateTime), 44, NULL, CAST(N'2021-08-29T00:00:00' AS SmallDateTime), 11)
GO
INSERT [dbo].[albums] ([id], [title], [description], [creation_date], [user_id], [deleted_at], [updated_at], [rate]) VALUES (10, N'Bilimbi', NULL, CAST(N'2021-03-25T00:00:00' AS SmallDateTime), 79, CAST(N'2021-07-14T00:00:00' AS SmallDateTime), CAST(N'2021-02-23T00:00:00' AS SmallDateTime), 8)
GO
INSERT [dbo].[albums] ([id], [title], [description], [creation_date], [user_id], [deleted_at], [updated_at], [rate]) VALUES (11, N'Rimmed Lichen', NULL, CAST(N'2021-03-23T00:00:00' AS SmallDateTime), 64, NULL, NULL, NULL)
GO
INSERT [dbo].[albums] ([id], [title], [description], [creation_date], [user_id], [deleted_at], [updated_at], [rate]) VALUES (12, N'Largeflower Yellow False Foxglove', N'Monocular exotropia, left eye', CAST(N'2022-02-21T00:00:00' AS SmallDateTime), 2, NULL, CAST(N'2021-05-11T00:00:00' AS SmallDateTime), 10)
GO
INSERT [dbo].[albums] ([id], [title], [description], [creation_date], [user_id], [deleted_at], [updated_at], [rate]) VALUES (13, N'Irion County Buckwheat', N'Osteolysis, left hand', CAST(N'2022-02-24T00:00:00' AS SmallDateTime), 158, NULL, CAST(N'2021-01-30T00:00:00' AS SmallDateTime), 3)
GO
INSERT [dbo].[albums] ([id], [title], [description], [creation_date], [user_id], [deleted_at], [updated_at], [rate]) VALUES (14, N'Sweet White Violet', NULL, CAST(N'2021-01-13T00:00:00' AS SmallDateTime), 177, NULL, NULL, NULL)
GO
INSERT [dbo].[albums] ([id], [title], [description], [creation_date], [user_id], [deleted_at], [updated_at], [rate]) VALUES (15, N'Chinese Ash', N'Huntington''s disease', CAST(N'2021-06-18T00:00:00' AS SmallDateTime), 200, NULL, NULL, NULL)
GO
INSERT [dbo].[albums] ([id], [title], [description], [creation_date], [user_id], [deleted_at], [updated_at], [rate]) VALUES (16, N'Carolina Fluffgrass', N'Pnctr w/o fb of left great toe w/o damage to nail, sequela', CAST(N'2021-08-23T00:00:00' AS SmallDateTime), 128, NULL, CAST(N'2021-08-22T00:00:00' AS SmallDateTime), 6)
GO
INSERT [dbo].[albums] ([id], [title], [description], [creation_date], [user_id], [deleted_at], [updated_at], [rate]) VALUES (17, N'Alamovine', N'Toxic effect of cobra venom, accidental, init', CAST(N'2021-10-22T00:00:00' AS SmallDateTime), 121, NULL, CAST(N'2021-08-24T00:00:00' AS SmallDateTime), 12)
GO
INSERT [dbo].[albums] ([id], [title], [description], [creation_date], [user_id], [deleted_at], [updated_at], [rate]) VALUES (18, N'Steyermark''s Milkwort', N'Poisoning by anthelminthics, intentional self-harm, subs', CAST(N'2021-09-21T00:00:00' AS SmallDateTime), 83, NULL, CAST(N'2021-03-16T00:00:00' AS SmallDateTime), 7)
GO
INSERT [dbo].[albums] ([id], [title], [description], [creation_date], [user_id], [deleted_at], [updated_at], [rate]) VALUES (19, N'Doll''s Daisy', N'Disp fx of neck of scapula, unspecified shoulder, sequela', CAST(N'2021-09-10T00:00:00' AS SmallDateTime), 52, NULL, CAST(N'2021-12-25T00:00:00' AS SmallDateTime), 10)
GO
INSERT [dbo].[albums] ([id], [title], [description], [creation_date], [user_id], [deleted_at], [updated_at], [rate]) VALUES (20, N'Dot Lichen', N'Cerebral infarction due to thombos unsp cerebellar artery', CAST(N'2021-05-09T00:00:00' AS SmallDateTime), 56, NULL, CAST(N'2021-03-10T00:00:00' AS SmallDateTime), 12)
GO
INSERT [dbo].[albums] ([id], [title], [description], [creation_date], [user_id], [deleted_at], [updated_at], [rate]) VALUES (21, N'Mountain Fly Honeysuckle', N'Pathological fracture, left toe(s), sequela', CAST(N'2021-06-09T00:00:00' AS SmallDateTime), 177, NULL, NULL, NULL)
GO
INSERT [dbo].[albums] ([id], [title], [description], [creation_date], [user_id], [deleted_at], [updated_at], [rate]) VALUES (22, N'Guarana', N'Traum hemor cereb, w LOC >24 hr w/o ret consc w surv, subs', CAST(N'2021-11-10T00:00:00' AS SmallDateTime), 83, NULL, CAST(N'2021-07-05T00:00:00' AS SmallDateTime), 11)
GO
INSERT [dbo].[albums] ([id], [title], [description], [creation_date], [user_id], [deleted_at], [updated_at], [rate]) VALUES (23, N'Peacock Flower', NULL, CAST(N'2021-04-03T00:00:00' AS SmallDateTime), 145, NULL, NULL, NULL)
GO
INSERT [dbo].[albums] ([id], [title], [description], [creation_date], [user_id], [deleted_at], [updated_at], [rate]) VALUES (24, N'Lemmon''s Lupine', NULL, CAST(N'2021-01-04T00:00:00' AS SmallDateTime), 33, NULL, NULL, NULL)
GO
INSERT [dbo].[albums] ([id], [title], [description], [creation_date], [user_id], [deleted_at], [updated_at], [rate]) VALUES (25, N'Point Reyes Ceanothus', NULL, CAST(N'2021-08-07T00:00:00' AS SmallDateTime), 179, NULL, CAST(N'2021-09-12T00:00:00' AS SmallDateTime), 3)
GO
INSERT [dbo].[albums] ([id], [title], [description], [creation_date], [user_id], [deleted_at], [updated_at], [rate]) VALUES (26, N'Florida Amaranth', N'Unsp fx lower end of l ulna, subs for clos fx w routn heal', CAST(N'2021-08-29T00:00:00' AS SmallDateTime), 97, NULL, CAST(N'2021-02-26T00:00:00' AS SmallDateTime), 10)
GO
INSERT [dbo].[albums] ([id], [title], [description], [creation_date], [user_id], [deleted_at], [updated_at], [rate]) VALUES (27, N'Jesup''s Hawthorn', N'Retinopathy of prematurity, stage 4, left eye', CAST(N'2021-02-11T00:00:00' AS SmallDateTime), 111, NULL, NULL, NULL)
GO
INSERT [dbo].[albums] ([id], [title], [description], [creation_date], [user_id], [deleted_at], [updated_at], [rate]) VALUES (28, N'Sprague''s Eggyolk Lichen', NULL, CAST(N'2021-05-14T00:00:00' AS SmallDateTime), 60, NULL, NULL, NULL)
GO
INSERT [dbo].[albums] ([id], [title], [description], [creation_date], [user_id], [deleted_at], [updated_at], [rate]) VALUES (29, N'Hepp''s Cracked Lichen', N'Injury of ulnar nerve at upper arm level, unsp arm, subs', CAST(N'2021-12-15T00:00:00' AS SmallDateTime), 67, NULL, CAST(N'2022-01-29T00:00:00' AS SmallDateTime), 7)
GO
INSERT [dbo].[albums] ([id], [title], [description], [creation_date], [user_id], [deleted_at], [updated_at], [rate]) VALUES (30, N'Chalk Dudleya', N'Subluxation of metacarpal (bone), proximal end of right hand', CAST(N'2022-01-13T00:00:00' AS SmallDateTime), 188, NULL, NULL, NULL)
GO
INSERT [dbo].[albums] ([id], [title], [description], [creation_date], [user_id], [deleted_at], [updated_at], [rate]) VALUES (31, N'Buttonsage', N'Other intervertebral disc displacement, thoracolumbar region', CAST(N'2022-02-01T00:00:00' AS SmallDateTime), 150, NULL, CAST(N'2021-06-03T00:00:00' AS SmallDateTime), 8)
GO
INSERT [dbo].[albums] ([id], [title], [description], [creation_date], [user_id], [deleted_at], [updated_at], [rate]) VALUES (32, N'Marbletree', N'Major laceration of pancreas', CAST(N'2021-09-04T00:00:00' AS SmallDateTime), 132, NULL, NULL, NULL)
GO
INSERT [dbo].[albums] ([id], [title], [description], [creation_date], [user_id], [deleted_at], [updated_at], [rate]) VALUES (33, N'Kalealaha Beggarticks', N'Diffuse follicle center lymphoma, intrathoracic lymph nodes', CAST(N'2021-08-17T00:00:00' AS SmallDateTime), 101, NULL, CAST(N'2021-11-23T00:00:00' AS SmallDateTime), 11)
GO
INSERT [dbo].[albums] ([id], [title], [description], [creation_date], [user_id], [deleted_at], [updated_at], [rate]) VALUES (34, N'Gracilariopsis', N'Toxic effect of halogenated insecticides, accidental, init', CAST(N'2022-02-04T00:00:00' AS SmallDateTime), 34, NULL, CAST(N'2021-02-20T00:00:00' AS SmallDateTime), 11)
GO
INSERT [dbo].[albums] ([id], [title], [description], [creation_date], [user_id], [deleted_at], [updated_at], [rate]) VALUES (35, N'Rollins'' Clover', N'Newborn affected by hemorrhage into maternal circulation', CAST(N'2021-01-11T00:00:00' AS SmallDateTime), 11, NULL, CAST(N'2022-04-02T00:00:00' AS SmallDateTime), 3)
GO
INSERT [dbo].[albums] ([id], [title], [description], [creation_date], [user_id], [deleted_at], [updated_at], [rate]) VALUES (36, N'Pistia', N'Osteonecrosis due to previous trauma, right finger(s)', CAST(N'2021-03-18T00:00:00' AS SmallDateTime), 76, NULL, CAST(N'2021-12-22T00:00:00' AS SmallDateTime), 11)
GO
INSERT [dbo].[albums] ([id], [title], [description], [creation_date], [user_id], [deleted_at], [updated_at], [rate]) VALUES (37, N'Lepanthopsis', N'Driver injured in collision w oth mv in traf, sequela', CAST(N'2021-02-09T00:00:00' AS SmallDateTime), 32, NULL, NULL, NULL)
GO
INSERT [dbo].[albums] ([id], [title], [description], [creation_date], [user_id], [deleted_at], [updated_at], [rate]) VALUES (38, N'Allegheny-spurge', N'Acquired absence of other toe(s), unspecified side', CAST(N'2021-06-10T00:00:00' AS SmallDateTime), 169, NULL, CAST(N'2021-11-01T00:00:00' AS SmallDateTime), 6)
GO
INSERT [dbo].[albums] ([id], [title], [description], [creation_date], [user_id], [deleted_at], [updated_at], [rate]) VALUES (39, N'Molokai Beggarticks', N'Adverse effect of other psychodysleptics, initial encounter', CAST(N'2021-07-30T00:00:00' AS SmallDateTime), 132, NULL, NULL, NULL)
GO
INSERT [dbo].[albums] ([id], [title], [description], [creation_date], [user_id], [deleted_at], [updated_at], [rate]) VALUES (40, N'California Pinefoot', N'Torus fracture of upper end of right humerus, sequela', CAST(N'2021-11-27T00:00:00' AS SmallDateTime), 148, NULL, CAST(N'2021-02-28T00:00:00' AS SmallDateTime), 10)
GO
INSERT [dbo].[albums] ([id], [title], [description], [creation_date], [user_id], [deleted_at], [updated_at], [rate]) VALUES (41, N'Volcanic Gilia', NULL, CAST(N'2021-04-16T00:00:00' AS SmallDateTime), 121, NULL, NULL, NULL)
GO
INSERT [dbo].[albums] ([id], [title], [description], [creation_date], [user_id], [deleted_at], [updated_at], [rate]) VALUES (42, N'Needle Lichen', NULL, CAST(N'2021-04-23T00:00:00' AS SmallDateTime), 70, NULL, CAST(N'2021-12-17T00:00:00' AS SmallDateTime), 8)
GO
INSERT [dbo].[albums] ([id], [title], [description], [creation_date], [user_id], [deleted_at], [updated_at], [rate]) VALUES (43, N'Melia', NULL, CAST(N'2022-05-15T00:00:00' AS SmallDateTime), 185, CAST(N'2021-08-19T00:00:00' AS SmallDateTime), NULL, NULL)
GO
INSERT [dbo].[albums] ([id], [title], [description], [creation_date], [user_id], [deleted_at], [updated_at], [rate]) VALUES (44, N'Southern Mountain Buckwheat', NULL, CAST(N'2021-03-28T00:00:00' AS SmallDateTime), 95, NULL, CAST(N'2022-05-19T00:00:00' AS SmallDateTime), 7)
GO
INSERT [dbo].[albums] ([id], [title], [description], [creation_date], [user_id], [deleted_at], [updated_at], [rate]) VALUES (45, N'Goldencrest', N'Other streptococcal arthritis, unspecified hand', CAST(N'2021-01-24T00:00:00' AS SmallDateTime), 144, NULL, CAST(N'2021-09-16T00:00:00' AS SmallDateTime), 6)
GO
INSERT [dbo].[albums] ([id], [title], [description], [creation_date], [user_id], [deleted_at], [updated_at], [rate]) VALUES (46, N'''ena''ena', NULL, CAST(N'2022-03-10T00:00:00' AS SmallDateTime), 23, NULL, CAST(N'2022-04-09T00:00:00' AS SmallDateTime), 3)
GO
INSERT [dbo].[albums] ([id], [title], [description], [creation_date], [user_id], [deleted_at], [updated_at], [rate]) VALUES (47, N'Dutilly''s Barley', N'Complications of bone graft', CAST(N'2021-06-19T00:00:00' AS SmallDateTime), 98, NULL, CAST(N'2022-01-13T00:00:00' AS SmallDateTime), 8)
GO
INSERT [dbo].[albums] ([id], [title], [description], [creation_date], [user_id], [deleted_at], [updated_at], [rate]) VALUES (48, N'Yerba De Estrella', NULL, CAST(N'2022-05-10T00:00:00' AS SmallDateTime), 38, CAST(N'2022-03-25T00:00:00' AS SmallDateTime), NULL, NULL)
GO
INSERT [dbo].[albums] ([id], [title], [description], [creation_date], [user_id], [deleted_at], [updated_at], [rate]) VALUES (49, N'Fewseed Sedge', N'Burn of second degree of unspecified lower leg, subs encntr', CAST(N'2021-04-25T00:00:00' AS SmallDateTime), 131, NULL, CAST(N'2022-02-11T00:00:00' AS SmallDateTime), 11)
GO
INSERT [dbo].[albums] ([id], [title], [description], [creation_date], [user_id], [deleted_at], [updated_at], [rate]) VALUES (50, N'Parish''s California Fescue', N'Villonodular synovitis (pigmented), left hand', CAST(N'2021-07-26T00:00:00' AS SmallDateTime), 197, NULL, NULL, NULL)
GO
INSERT [dbo].[albums] ([id], [title], [description], [creation_date], [user_id], [deleted_at], [updated_at], [rate]) VALUES (51, N'Deering''s Tree Cactus', NULL, CAST(N'2022-02-08T00:00:00' AS SmallDateTime), 48, NULL, CAST(N'2021-11-24T00:00:00' AS SmallDateTime), 4)
GO
INSERT [dbo].[albums] ([id], [title], [description], [creation_date], [user_id], [deleted_at], [updated_at], [rate]) VALUES (52, N'Fox Sedge', NULL, CAST(N'2021-10-09T00:00:00' AS SmallDateTime), 116, NULL, NULL, NULL)
GO
INSERT [dbo].[albums] ([id], [title], [description], [creation_date], [user_id], [deleted_at], [updated_at], [rate]) VALUES (53, N'Margarett''s Myrcia', NULL, CAST(N'2021-10-21T00:00:00' AS SmallDateTime), 184, NULL, CAST(N'2022-01-31T00:00:00' AS SmallDateTime), 12)
GO
INSERT [dbo].[albums] ([id], [title], [description], [creation_date], [user_id], [deleted_at], [updated_at], [rate]) VALUES (54, N'Steiner''s Lecidea Lichen', N'Congenital laryngomalacia', CAST(N'2021-05-31T00:00:00' AS SmallDateTime), 194, NULL, NULL, NULL)
GO
INSERT [dbo].[albums] ([id], [title], [description], [creation_date], [user_id], [deleted_at], [updated_at], [rate]) VALUES (55, N'Olney''s Hairy Sedge', N'Blister (nonthermal), left great toe, initial encounter', CAST(N'2021-04-15T00:00:00' AS SmallDateTime), 58, NULL, CAST(N'2021-07-08T00:00:00' AS SmallDateTime), 9)
GO
INSERT [dbo].[albums] ([id], [title], [description], [creation_date], [user_id], [deleted_at], [updated_at], [rate]) VALUES (56, N'Wright''s Eryngo', N'Duodenitis without bleeding', CAST(N'2021-09-18T00:00:00' AS SmallDateTime), 20, NULL, CAST(N'2021-05-21T00:00:00' AS SmallDateTime), 3)
GO
INSERT [dbo].[albums] ([id], [title], [description], [creation_date], [user_id], [deleted_at], [updated_at], [rate]) VALUES (57, N'Bahama Nightshade', NULL, CAST(N'2021-02-11T00:00:00' AS SmallDateTime), 191, NULL, CAST(N'2021-07-11T00:00:00' AS SmallDateTime), 10)
GO
INSERT [dbo].[albums] ([id], [title], [description], [creation_date], [user_id], [deleted_at], [updated_at], [rate]) VALUES (58, N'San Diego Mesamint', N'Herpes gestationis', CAST(N'2021-09-08T00:00:00' AS SmallDateTime), 172, NULL, NULL, NULL)
GO
INSERT [dbo].[albums] ([id], [title], [description], [creation_date], [user_id], [deleted_at], [updated_at], [rate]) VALUES (59, N'Twinsorus Fern', N'Strain of musc/tend anterior muscle group at lower leg level', CAST(N'2022-04-27T00:00:00' AS SmallDateTime), 34, NULL, CAST(N'2021-04-28T00:00:00' AS SmallDateTime), 11)
GO
INSERT [dbo].[albums] ([id], [title], [description], [creation_date], [user_id], [deleted_at], [updated_at], [rate]) VALUES (60, N'Wyoming Townsend Daisy', NULL, CAST(N'2021-10-14T00:00:00' AS SmallDateTime), 86, NULL, NULL, NULL)
GO
INSERT [dbo].[albums] ([id], [title], [description], [creation_date], [user_id], [deleted_at], [updated_at], [rate]) VALUES (61, N'Manilkara Zapota', N'Mix cndct/snrl hear loss,uni,l ear,w unrestr hear cntra side', CAST(N'2021-01-10T00:00:00' AS SmallDateTime), 154, NULL, CAST(N'2021-06-23T00:00:00' AS SmallDateTime), 8)
GO
INSERT [dbo].[albums] ([id], [title], [description], [creation_date], [user_id], [deleted_at], [updated_at], [rate]) VALUES (62, N'Plagiobryum Moss', NULL, CAST(N'2022-01-16T00:00:00' AS SmallDateTime), 195, NULL, CAST(N'2022-01-08T00:00:00' AS SmallDateTime), 8)
GO
INSERT [dbo].[albums] ([id], [title], [description], [creation_date], [user_id], [deleted_at], [updated_at], [rate]) VALUES (63, N'Thickleaf Water-willow', N'Poisoning by unsp drugs acting on muscles, undet, init', CAST(N'2021-02-07T00:00:00' AS SmallDateTime), 94, CAST(N'2021-01-27T00:00:00' AS SmallDateTime), CAST(N'2021-12-26T00:00:00' AS SmallDateTime), 3)
GO
INSERT [dbo].[albums] ([id], [title], [description], [creation_date], [user_id], [deleted_at], [updated_at], [rate]) VALUES (64, N'Copper Moss', N'Blister (nonthermal), left lower leg, sequela', CAST(N'2021-03-27T00:00:00' AS SmallDateTime), 52, NULL, CAST(N'2021-03-20T00:00:00' AS SmallDateTime), 10)
GO
INSERT [dbo].[albums] ([id], [title], [description], [creation_date], [user_id], [deleted_at], [updated_at], [rate]) VALUES (65, N'Bayhops', N'Unsp focal TBI w LOC w death due to oth cause bf consc, subs', CAST(N'2021-08-01T00:00:00' AS SmallDateTime), 174, NULL, NULL, NULL)
GO
INSERT [dbo].[albums] ([id], [title], [description], [creation_date], [user_id], [deleted_at], [updated_at], [rate]) VALUES (66, N'Chisos Oak', N'Barton''s fx left radius, subs for clos fx w routn heal', CAST(N'2022-03-02T00:00:00' AS SmallDateTime), 22, NULL, CAST(N'2022-03-19T00:00:00' AS SmallDateTime), 7)
GO
INSERT [dbo].[albums] ([id], [title], [description], [creation_date], [user_id], [deleted_at], [updated_at], [rate]) VALUES (67, N'Cankerweed', N'Crushing injury of unspecified right toe(s), sequela', CAST(N'2021-02-19T00:00:00' AS SmallDateTime), 192, NULL, CAST(N'2021-10-13T00:00:00' AS SmallDateTime), 11)
GO
INSERT [dbo].[albums] ([id], [title], [description], [creation_date], [user_id], [deleted_at], [updated_at], [rate]) VALUES (68, N'Spanish Lime', NULL, CAST(N'2022-01-22T00:00:00' AS SmallDateTime), 134, NULL, CAST(N'2021-03-30T00:00:00' AS SmallDateTime), 10)
GO
INSERT [dbo].[albums] ([id], [title], [description], [creation_date], [user_id], [deleted_at], [updated_at], [rate]) VALUES (69, N'Spurred Gentian', NULL, CAST(N'2021-03-15T00:00:00' AS SmallDateTime), 32, NULL, CAST(N'2021-05-27T00:00:00' AS SmallDateTime), 8)
GO
INSERT [dbo].[albums] ([id], [title], [description], [creation_date], [user_id], [deleted_at], [updated_at], [rate]) VALUES (70, N'Bicolored Spleenwort', NULL, CAST(N'2021-07-01T00:00:00' AS SmallDateTime), 85, NULL, CAST(N'2021-06-12T00:00:00' AS SmallDateTime), 8)
GO
SET IDENTITY_INSERT [dbo].[albums] OFF
GO
SET IDENTITY_INSERT [dbo].[images] ON 
GO
INSERT [dbo].[images] ([id], [title], [publish_date], [link], [deleted_at], [user_id], [album_id]) VALUES (1, N'Violetflower Petunia', CAST(N'2022-03-31T00:00:00' AS SmallDateTime), N'http://dummyimage.com/1722x1023.png/dddddd/000000', NULL, 75, 7)
GO
INSERT [dbo].[images] ([id], [title], [publish_date], [link], [deleted_at], [user_id], [album_id]) VALUES (2, N'Oriental Knight''s-spur', CAST(N'2022-04-01T00:00:00' AS SmallDateTime), N'http://dummyimage.com/1080x1615.png/ff4444/ffffff', NULL, 21, 24)
GO
INSERT [dbo].[images] ([id], [title], [publish_date], [link], [deleted_at], [user_id], [album_id]) VALUES (3, N'Maronea Lichen', CAST(N'2021-10-31T00:00:00' AS SmallDateTime), N'http://dummyimage.com/1336x1370.png/ff4444/ffffff', NULL, 119, 18)
GO
INSERT [dbo].[images] ([id], [title], [publish_date], [link], [deleted_at], [user_id], [album_id]) VALUES (4, N'Cup Lichen', CAST(N'2021-04-15T00:00:00' AS SmallDateTime), N'http://dummyimage.com/1204x1696.png/dddddd/000000', NULL, 151, 12)
GO
INSERT [dbo].[images] ([id], [title], [publish_date], [link], [deleted_at], [user_id], [album_id]) VALUES (5, N'Giantchickweed', CAST(N'2022-05-12T00:00:00' AS SmallDateTime), N'http://dummyimage.com/1692x1391.png/5fa2dd/ffffff', NULL, 117, 59)
GO
INSERT [dbo].[images] ([id], [title], [publish_date], [link], [deleted_at], [user_id], [album_id]) VALUES (6, N'Fremont''s Milkvetch', CAST(N'2021-10-02T00:00:00' AS SmallDateTime), N'http://dummyimage.com/1721x1790.png/cc0000/ffffff', NULL, 184, 20)
GO
INSERT [dbo].[images] ([id], [title], [publish_date], [link], [deleted_at], [user_id], [album_id]) VALUES (7, N'Skullcap', CAST(N'2022-03-03T00:00:00' AS SmallDateTime), N'http://dummyimage.com/1052x1872.png/ff4444/ffffff', NULL, 76, 22)
GO
INSERT [dbo].[images] ([id], [title], [publish_date], [link], [deleted_at], [user_id], [album_id]) VALUES (8, N'Cootamundra Wattle', CAST(N'2021-01-21T00:00:00' AS SmallDateTime), N'http://dummyimage.com/1341x1855.png/5fa2dd/ffffff', NULL, 6, 34)
GO
INSERT [dbo].[images] ([id], [title], [publish_date], [link], [deleted_at], [user_id], [album_id]) VALUES (9, N'Pouzolzia', CAST(N'2022-05-18T00:00:00' AS SmallDateTime), N'http://dummyimage.com/1324x1005.png/cc0000/ffffff', NULL, 33, 22)
GO
INSERT [dbo].[images] ([id], [title], [publish_date], [link], [deleted_at], [user_id], [album_id]) VALUES (10, N'Annual Marsh Elder', CAST(N'2022-04-12T00:00:00' AS SmallDateTime), N'http://dummyimage.com/1376x1289.png/dddddd/000000', NULL, 152, 10)
GO
INSERT [dbo].[images] ([id], [title], [publish_date], [link], [deleted_at], [user_id], [album_id]) VALUES (11, N'Pingue Rubberweed', CAST(N'2021-01-26T00:00:00' AS SmallDateTime), N'http://dummyimage.com/1993x1727.png/cc0000/ffffff', NULL, 52, 41)
GO
INSERT [dbo].[images] ([id], [title], [publish_date], [link], [deleted_at], [user_id], [album_id]) VALUES (12, N'Fewflower Beaksedge', CAST(N'2021-03-11T00:00:00' AS SmallDateTime), N'http://dummyimage.com/1439x1041.png/5fa2dd/ffffff', NULL, 26, 8)
GO
INSERT [dbo].[images] ([id], [title], [publish_date], [link], [deleted_at], [user_id], [album_id]) VALUES (13, N'Pitcher''s Stitchwort', CAST(N'2021-02-24T00:00:00' AS SmallDateTime), N'http://dummyimage.com/1673x1918.png/ff4444/ffffff', NULL, 182, 20)
GO
INSERT [dbo].[images] ([id], [title], [publish_date], [link], [deleted_at], [user_id], [album_id]) VALUES (14, N'Spontaneous Barley', CAST(N'2022-01-31T00:00:00' AS SmallDateTime), N'http://dummyimage.com/1161x1270.png/ff4444/ffffff', NULL, 40, 51)
GO
INSERT [dbo].[images] ([id], [title], [publish_date], [link], [deleted_at], [user_id], [album_id]) VALUES (15, N'Yukon Wormwood', CAST(N'2021-12-21T00:00:00' AS SmallDateTime), N'http://dummyimage.com/1442x1143.png/5fa2dd/ffffff', NULL, 132, 19)
GO
INSERT [dbo].[images] ([id], [title], [publish_date], [link], [deleted_at], [user_id], [album_id]) VALUES (16, N'Pinkava''s Pricklypear', CAST(N'2021-11-23T00:00:00' AS SmallDateTime), N'http://dummyimage.com/1285x1552.png/5fa2dd/ffffff', NULL, 132, 52)
GO
INSERT [dbo].[images] ([id], [title], [publish_date], [link], [deleted_at], [user_id], [album_id]) VALUES (17, N'Whitebark Senna', CAST(N'2021-12-25T00:00:00' AS SmallDateTime), N'http://dummyimage.com/1468x1881.png/5fa2dd/ffffff', NULL, 3, 65)
GO
INSERT [dbo].[images] ([id], [title], [publish_date], [link], [deleted_at], [user_id], [album_id]) VALUES (18, N'Monnina', CAST(N'2021-06-12T00:00:00' AS SmallDateTime), N'http://dummyimage.com/1058x1010.png/cc0000/ffffff', NULL, 198, 30)
GO
INSERT [dbo].[images] ([id], [title], [publish_date], [link], [deleted_at], [user_id], [album_id]) VALUES (19, N'California Skullcap', CAST(N'2021-11-27T00:00:00' AS SmallDateTime), N'http://dummyimage.com/1747x1615.png/5fa2dd/ffffff', NULL, 6, 19)
GO
INSERT [dbo].[images] ([id], [title], [publish_date], [link], [deleted_at], [user_id], [album_id]) VALUES (20, N'Merkus Pine', CAST(N'2021-11-10T00:00:00' AS SmallDateTime), N'http://dummyimage.com/1205x1782.png/cc0000/ffffff', NULL, 162, 67)
GO
INSERT [dbo].[images] ([id], [title], [publish_date], [link], [deleted_at], [user_id], [album_id]) VALUES (21, N'Heliocarpus', CAST(N'2021-03-12T00:00:00' AS SmallDateTime), N'http://dummyimage.com/1126x1383.png/dddddd/000000', NULL, 116, 15)
GO
INSERT [dbo].[images] ([id], [title], [publish_date], [link], [deleted_at], [user_id], [album_id]) VALUES (22, N'Kairn''s Sensitive-briar', CAST(N'2021-12-05T00:00:00' AS SmallDateTime), N'http://dummyimage.com/1121x1518.png/ff4444/ffffff', NULL, 12, 4)
GO
INSERT [dbo].[images] ([id], [title], [publish_date], [link], [deleted_at], [user_id], [album_id]) VALUES (23, N'Modoc Cypress', CAST(N'2021-03-13T00:00:00' AS SmallDateTime), N'http://dummyimage.com/1029x1817.png/cc0000/ffffff', NULL, 133, 5)
GO
INSERT [dbo].[images] ([id], [title], [publish_date], [link], [deleted_at], [user_id], [album_id]) VALUES (24, N'Hideseed', CAST(N'2021-02-21T00:00:00' AS SmallDateTime), N'http://dummyimage.com/1637x1738.png/dddddd/000000', NULL, 187, 46)
GO
INSERT [dbo].[images] ([id], [title], [publish_date], [link], [deleted_at], [user_id], [album_id]) VALUES (25, N'Arching Dewberry', CAST(N'2022-02-27T00:00:00' AS SmallDateTime), N'http://dummyimage.com/1386x1866.png/dddddd/000000', NULL, 177, 3)
GO
INSERT [dbo].[images] ([id], [title], [publish_date], [link], [deleted_at], [user_id], [album_id]) VALUES (26, N'Leprevost''s Helminthocarpon Lichen', CAST(N'2021-12-04T00:00:00' AS SmallDateTime), N'http://dummyimage.com/1998x1941.png/dddddd/000000', NULL, 28, 61)
GO
INSERT [dbo].[images] ([id], [title], [publish_date], [link], [deleted_at], [user_id], [album_id]) VALUES (27, N'Ithaca Blackberry', CAST(N'2022-03-06T00:00:00' AS SmallDateTime), N'http://dummyimage.com/1277x1988.png/dddddd/000000', NULL, 9, 11)
GO
INSERT [dbo].[images] ([id], [title], [publish_date], [link], [deleted_at], [user_id], [album_id]) VALUES (28, N'Common Deerweed', CAST(N'2021-03-28T00:00:00' AS SmallDateTime), N'http://dummyimage.com/1223x1856.png/dddddd/000000', NULL, 161, 6)
GO
INSERT [dbo].[images] ([id], [title], [publish_date], [link], [deleted_at], [user_id], [album_id]) VALUES (29, N'Dayflower', CAST(N'2021-07-11T00:00:00' AS SmallDateTime), N'http://dummyimage.com/1808x1283.png/5fa2dd/ffffff', NULL, 136, 15)
GO
INSERT [dbo].[images] ([id], [title], [publish_date], [link], [deleted_at], [user_id], [album_id]) VALUES (30, N'New England Bryhnia Moss', CAST(N'2021-02-28T00:00:00' AS SmallDateTime), N'http://dummyimage.com/1336x1361.png/dddddd/000000', NULL, 127, 16)
GO
INSERT [dbo].[images] ([id], [title], [publish_date], [link], [deleted_at], [user_id], [album_id]) VALUES (31, N'Fewleaf Sunflower', CAST(N'2021-12-21T00:00:00' AS SmallDateTime), N'http://dummyimage.com/1855x1562.png/5fa2dd/ffffff', NULL, 146, 49)
GO
INSERT [dbo].[images] ([id], [title], [publish_date], [link], [deleted_at], [user_id], [album_id]) VALUES (32, N'Boissier''s Clover', CAST(N'2021-12-22T00:00:00' AS SmallDateTime), N'http://dummyimage.com/1085x1043.png/dddddd/000000', NULL, 119, 25)
GO
INSERT [dbo].[images] ([id], [title], [publish_date], [link], [deleted_at], [user_id], [album_id]) VALUES (33, N'Wig Knapweed', CAST(N'2021-11-05T00:00:00' AS SmallDateTime), N'http://dummyimage.com/1758x1676.png/cc0000/ffffff', NULL, 178, 39)
GO
INSERT [dbo].[images] ([id], [title], [publish_date], [link], [deleted_at], [user_id], [album_id]) VALUES (34, N'Appalachian Skin Lichen', CAST(N'2021-11-25T00:00:00' AS SmallDateTime), N'http://dummyimage.com/1447x1179.png/5fa2dd/ffffff', NULL, 10, 8)
GO
INSERT [dbo].[images] ([id], [title], [publish_date], [link], [deleted_at], [user_id], [album_id]) VALUES (35, N'Canadian Wildrye', CAST(N'2021-12-04T00:00:00' AS SmallDateTime), N'http://dummyimage.com/1548x1125.png/ff4444/ffffff', NULL, 150, 50)
GO
INSERT [dbo].[images] ([id], [title], [publish_date], [link], [deleted_at], [user_id], [album_id]) VALUES (36, N'Largebract Ticktrefoil', CAST(N'2021-04-10T00:00:00' AS SmallDateTime), N'http://dummyimage.com/1796x1740.png/cc0000/ffffff', NULL, 13, 11)
GO
INSERT [dbo].[images] ([id], [title], [publish_date], [link], [deleted_at], [user_id], [album_id]) VALUES (37, N'English Walnut', CAST(N'2021-04-03T00:00:00' AS SmallDateTime), N'http://dummyimage.com/1613x1774.png/dddddd/000000', NULL, 74, 64)
GO
INSERT [dbo].[images] ([id], [title], [publish_date], [link], [deleted_at], [user_id], [album_id]) VALUES (38, N'Hairy Johnnyberry', CAST(N'2022-02-03T00:00:00' AS SmallDateTime), N'http://dummyimage.com/1604x1784.png/dddddd/000000', NULL, 13, 13)
GO
INSERT [dbo].[images] ([id], [title], [publish_date], [link], [deleted_at], [user_id], [album_id]) VALUES (39, N'Cliff Fern', CAST(N'2021-05-29T00:00:00' AS SmallDateTime), N'http://dummyimage.com/1314x1451.png/dddddd/000000', NULL, 91, 64)
GO
INSERT [dbo].[images] ([id], [title], [publish_date], [link], [deleted_at], [user_id], [album_id]) VALUES (40, N'Fragile Polytrichastrum Moss', CAST(N'2021-03-03T00:00:00' AS SmallDateTime), N'http://dummyimage.com/1510x1603.png/dddddd/000000', NULL, 125, 63)
GO
INSERT [dbo].[images] ([id], [title], [publish_date], [link], [deleted_at], [user_id], [album_id]) VALUES (41, N'Tropical Bog Orchid', CAST(N'2021-09-17T00:00:00' AS SmallDateTime), N'http://dummyimage.com/1054x1856.png/5fa2dd/ffffff', NULL, 109, 30)
GO
INSERT [dbo].[images] ([id], [title], [publish_date], [link], [deleted_at], [user_id], [album_id]) VALUES (42, N'Wheelscale Saltbush', CAST(N'2021-08-07T00:00:00' AS SmallDateTime), N'http://dummyimage.com/1765x1848.png/dddddd/000000', NULL, 72, 61)
GO
INSERT [dbo].[images] ([id], [title], [publish_date], [link], [deleted_at], [user_id], [album_id]) VALUES (43, N'Willkommia', CAST(N'2021-06-06T00:00:00' AS SmallDateTime), N'http://dummyimage.com/1474x1381.png/ff4444/ffffff', NULL, 109, 67)
GO
INSERT [dbo].[images] ([id], [title], [publish_date], [link], [deleted_at], [user_id], [album_id]) VALUES (44, N'Rockyplains Dwarf Morning-glory', CAST(N'2021-01-02T00:00:00' AS SmallDateTime), N'http://dummyimage.com/1016x1293.png/ff4444/ffffff', NULL, 107, 20)
GO
INSERT [dbo].[images] ([id], [title], [publish_date], [link], [deleted_at], [user_id], [album_id]) VALUES (45, N'Heartleaf Hempvine', CAST(N'2021-04-01T00:00:00' AS SmallDateTime), N'http://dummyimage.com/1109x1824.png/cc0000/ffffff', NULL, 45, 54)
GO
INSERT [dbo].[images] ([id], [title], [publish_date], [link], [deleted_at], [user_id], [album_id]) VALUES (46, N'Perezia', CAST(N'2021-10-09T00:00:00' AS SmallDateTime), N'http://dummyimage.com/1751x1848.png/cc0000/ffffff', NULL, 85, 40)
GO
INSERT [dbo].[images] ([id], [title], [publish_date], [link], [deleted_at], [user_id], [album_id]) VALUES (47, N'Peganum', CAST(N'2022-03-27T00:00:00' AS SmallDateTime), N'http://dummyimage.com/1179x1090.png/dddddd/000000', NULL, 68, 28)
GO
INSERT [dbo].[images] ([id], [title], [publish_date], [link], [deleted_at], [user_id], [album_id]) VALUES (48, N'Goldenfruit Mistletoe', CAST(N'2021-04-20T00:00:00' AS SmallDateTime), N'http://dummyimage.com/1426x1935.png/5fa2dd/ffffff', NULL, 121, 8)
GO
INSERT [dbo].[images] ([id], [title], [publish_date], [link], [deleted_at], [user_id], [album_id]) VALUES (49, N'Milk-berry', CAST(N'2021-08-07T00:00:00' AS SmallDateTime), N'http://dummyimage.com/1443x1939.png/ff4444/ffffff', NULL, 140, 65)
GO
INSERT [dbo].[images] ([id], [title], [publish_date], [link], [deleted_at], [user_id], [album_id]) VALUES (50, N'Lidpod', CAST(N'2021-11-17T00:00:00' AS SmallDateTime), N'http://dummyimage.com/1788x1002.png/cc0000/ffffff', NULL, 121, 20)
GO
INSERT [dbo].[images] ([id], [title], [publish_date], [link], [deleted_at], [user_id], [album_id]) VALUES (51, N'Manyspike Flatsedge', CAST(N'2021-05-10T00:00:00' AS SmallDateTime), N'http://dummyimage.com/1441x1884.png/cc0000/ffffff', NULL, 90, 20)
GO
INSERT [dbo].[images] ([id], [title], [publish_date], [link], [deleted_at], [user_id], [album_id]) VALUES (52, N'Yucca', CAST(N'2021-07-09T00:00:00' AS SmallDateTime), N'http://dummyimage.com/1623x1476.png/ff4444/ffffff', NULL, 179, 26)
GO
INSERT [dbo].[images] ([id], [title], [publish_date], [link], [deleted_at], [user_id], [album_id]) VALUES (53, N'Huddelson''s Locoweed', CAST(N'2021-01-06T00:00:00' AS SmallDateTime), N'http://dummyimage.com/1383x1425.png/ff4444/ffffff', NULL, 156, 41)
GO
INSERT [dbo].[images] ([id], [title], [publish_date], [link], [deleted_at], [user_id], [album_id]) VALUES (54, N'Yellow Nutsedge', CAST(N'2021-05-13T00:00:00' AS SmallDateTime), N'http://dummyimage.com/1446x1632.png/cc0000/ffffff', NULL, 198, 40)
GO
INSERT [dbo].[images] ([id], [title], [publish_date], [link], [deleted_at], [user_id], [album_id]) VALUES (55, N'Cliff Thistle', CAST(N'2022-05-09T00:00:00' AS SmallDateTime), N'http://dummyimage.com/1381x1672.png/ff4444/ffffff', NULL, 125, 20)
GO
INSERT [dbo].[images] ([id], [title], [publish_date], [link], [deleted_at], [user_id], [album_id]) VALUES (56, N'Cheesewood', CAST(N'2021-10-21T00:00:00' AS SmallDateTime), N'http://dummyimage.com/1110x1722.png/5fa2dd/ffffff', NULL, 34, 52)
GO
INSERT [dbo].[images] ([id], [title], [publish_date], [link], [deleted_at], [user_id], [album_id]) VALUES (57, N'Scentless Bayberry', CAST(N'2021-07-05T00:00:00' AS SmallDateTime), N'http://dummyimage.com/1396x1718.png/ff4444/ffffff', NULL, 106, 51)
GO
INSERT [dbo].[images] ([id], [title], [publish_date], [link], [deleted_at], [user_id], [album_id]) VALUES (58, N'Maroonspot Calicoflower', CAST(N'2021-10-27T00:00:00' AS SmallDateTime), N'http://dummyimage.com/1997x1695.png/ff4444/ffffff', NULL, 168, 19)
GO
INSERT [dbo].[images] ([id], [title], [publish_date], [link], [deleted_at], [user_id], [album_id]) VALUES (59, N'European Spindletree', CAST(N'2021-02-06T00:00:00' AS SmallDateTime), N'http://dummyimage.com/1213x1252.png/cc0000/ffffff', NULL, 27, 10)
GO
INSERT [dbo].[images] ([id], [title], [publish_date], [link], [deleted_at], [user_id], [album_id]) VALUES (60, N'Velvety Goldenrod', CAST(N'2022-04-07T00:00:00' AS SmallDateTime), N'http://dummyimage.com/1225x1631.png/5fa2dd/ffffff', NULL, 160, 10)
GO
INSERT [dbo].[images] ([id], [title], [publish_date], [link], [deleted_at], [user_id], [album_id]) VALUES (61, N'Sierra Woodrush', CAST(N'2021-04-23T00:00:00' AS SmallDateTime), N'http://dummyimage.com/1048x1234.png/ff4444/ffffff', NULL, 171, 22)
GO
INSERT [dbo].[images] ([id], [title], [publish_date], [link], [deleted_at], [user_id], [album_id]) VALUES (62, N'Globe Springparsley', CAST(N'2021-05-30T00:00:00' AS SmallDateTime), N'http://dummyimage.com/1535x1148.png/5fa2dd/ffffff', NULL, 28, 33)
GO
INSERT [dbo].[images] ([id], [title], [publish_date], [link], [deleted_at], [user_id], [album_id]) VALUES (63, N'White Stonecrop', CAST(N'2022-01-17T00:00:00' AS SmallDateTime), N'http://dummyimage.com/1742x1347.png/5fa2dd/ffffff', NULL, 94, 56)
GO
INSERT [dbo].[images] ([id], [title], [publish_date], [link], [deleted_at], [user_id], [album_id]) VALUES (64, N'Turner''s Water-willow', CAST(N'2022-01-13T00:00:00' AS SmallDateTime), N'http://dummyimage.com/1731x1031.png/ff4444/ffffff', NULL, 188, 20)
GO
INSERT [dbo].[images] ([id], [title], [publish_date], [link], [deleted_at], [user_id], [album_id]) VALUES (65, N'Groundcover Milkvetch', CAST(N'2022-04-08T00:00:00' AS SmallDateTime), N'http://dummyimage.com/1851x1303.png/cc0000/ffffff', NULL, 109, 57)
GO
INSERT [dbo].[images] ([id], [title], [publish_date], [link], [deleted_at], [user_id], [album_id]) VALUES (66, N'Marbled Wildginger', CAST(N'2021-12-12T00:00:00' AS SmallDateTime), N'http://dummyimage.com/1905x1228.png/5fa2dd/ffffff', NULL, 153, 24)
GO
INSERT [dbo].[images] ([id], [title], [publish_date], [link], [deleted_at], [user_id], [album_id]) VALUES (67, N'Rugel''s False Pawpaw', CAST(N'2021-05-15T00:00:00' AS SmallDateTime), N'http://dummyimage.com/1100x1042.png/cc0000/ffffff', NULL, 30, 3)
GO
INSERT [dbo].[images] ([id], [title], [publish_date], [link], [deleted_at], [user_id], [album_id]) VALUES (68, N'Fineleaf Hymenopappus', CAST(N'2021-10-27T00:00:00' AS SmallDateTime), N'http://dummyimage.com/1623x1300.png/ff4444/ffffff', NULL, 6, 69)
GO
INSERT [dbo].[images] ([id], [title], [publish_date], [link], [deleted_at], [user_id], [album_id]) VALUES (69, N'Siberian Wormwood', CAST(N'2022-01-13T00:00:00' AS SmallDateTime), N'http://dummyimage.com/1501x1057.png/5fa2dd/ffffff', NULL, 143, 46)
GO
INSERT [dbo].[images] ([id], [title], [publish_date], [link], [deleted_at], [user_id], [album_id]) VALUES (70, N'Meadow Sedge', CAST(N'2021-01-29T00:00:00' AS SmallDateTime), N'http://dummyimage.com/1394x1836.png/dddddd/000000', NULL, 60, 21)
GO
INSERT [dbo].[images] ([id], [title], [publish_date], [link], [deleted_at], [user_id], [album_id]) VALUES (71, N'Woods Clover', CAST(N'2021-09-13T00:00:00' AS SmallDateTime), N'http://dummyimage.com/1077x1132.png/dddddd/000000', NULL, 156, 17)
GO
INSERT [dbo].[images] ([id], [title], [publish_date], [link], [deleted_at], [user_id], [album_id]) VALUES (72, N'Jones'' Linanthus', CAST(N'2021-05-05T00:00:00' AS SmallDateTime), N'http://dummyimage.com/1954x1975.png/ff4444/ffffff', NULL, 100, 4)
GO
INSERT [dbo].[images] ([id], [title], [publish_date], [link], [deleted_at], [user_id], [album_id]) VALUES (73, N'Kou', CAST(N'2021-05-19T00:00:00' AS SmallDateTime), N'http://dummyimage.com/1257x1668.png/dddddd/000000', NULL, 150, 44)
GO
INSERT [dbo].[images] ([id], [title], [publish_date], [link], [deleted_at], [user_id], [album_id]) VALUES (74, N'Alkaligrass', CAST(N'2022-02-03T00:00:00' AS SmallDateTime), N'http://dummyimage.com/1861x1479.png/5fa2dd/ffffff', NULL, 5, 10)
GO
INSERT [dbo].[images] ([id], [title], [publish_date], [link], [deleted_at], [user_id], [album_id]) VALUES (75, N'Shaggyfruit Pepperweed', CAST(N'2021-08-04T00:00:00' AS SmallDateTime), N'http://dummyimage.com/1259x1872.png/cc0000/ffffff', NULL, 32, 12)
GO
INSERT [dbo].[images] ([id], [title], [publish_date], [link], [deleted_at], [user_id], [album_id]) VALUES (76, N'Dot Lichen', CAST(N'2022-03-18T00:00:00' AS SmallDateTime), N'http://dummyimage.com/1964x1750.png/cc0000/ffffff', CAST(N'2022-01-19T00:00:00' AS SmallDateTime), 187, 48)
GO
INSERT [dbo].[images] ([id], [title], [publish_date], [link], [deleted_at], [user_id], [album_id]) VALUES (77, N'Northern Starwort', CAST(N'2021-06-11T00:00:00' AS SmallDateTime), N'http://dummyimage.com/1231x1880.png/ff4444/ffffff', NULL, 13, 34)
GO
INSERT [dbo].[images] ([id], [title], [publish_date], [link], [deleted_at], [user_id], [album_id]) VALUES (78, N'Goatsbeard', CAST(N'2021-12-09T00:00:00' AS SmallDateTime), N'http://dummyimage.com/1344x1601.png/cc0000/ffffff', NULL, 99, 7)
GO
INSERT [dbo].[images] ([id], [title], [publish_date], [link], [deleted_at], [user_id], [album_id]) VALUES (79, N'Tube Lichen', CAST(N'2021-02-18T00:00:00' AS SmallDateTime), N'http://dummyimage.com/1608x1414.png/dddddd/000000', NULL, 13, 14)
GO
INSERT [dbo].[images] ([id], [title], [publish_date], [link], [deleted_at], [user_id], [album_id]) VALUES (80, N'Longleaf Groundcherry', CAST(N'2021-03-14T00:00:00' AS SmallDateTime), N'http://dummyimage.com/1241x1792.png/5fa2dd/ffffff', CAST(N'2022-03-22T00:00:00' AS SmallDateTime), 22, 31)
GO
INSERT [dbo].[images] ([id], [title], [publish_date], [link], [deleted_at], [user_id], [album_id]) VALUES (81, N'Smallstalk Necklace Fern', CAST(N'2022-02-19T00:00:00' AS SmallDateTime), N'http://dummyimage.com/1943x1429.png/ff4444/ffffff', NULL, 62, 38)
GO
INSERT [dbo].[images] ([id], [title], [publish_date], [link], [deleted_at], [user_id], [album_id]) VALUES (82, N'Cup Lichen', CAST(N'2021-06-28T00:00:00' AS SmallDateTime), N'http://dummyimage.com/1841x1250.png/5fa2dd/ffffff', NULL, 137, 15)
GO
INSERT [dbo].[images] ([id], [title], [publish_date], [link], [deleted_at], [user_id], [album_id]) VALUES (83, N'Wooton''s Mock Orange', CAST(N'2021-05-27T00:00:00' AS SmallDateTime), N'http://dummyimage.com/1257x1598.png/5fa2dd/ffffff', NULL, 84, 44)
GO
INSERT [dbo].[images] ([id], [title], [publish_date], [link], [deleted_at], [user_id], [album_id]) VALUES (84, N'Brome-like Sedge', CAST(N'2022-01-15T00:00:00' AS SmallDateTime), N'http://dummyimage.com/1275x1266.png/dddddd/000000', NULL, 18, 61)
GO
INSERT [dbo].[images] ([id], [title], [publish_date], [link], [deleted_at], [user_id], [album_id]) VALUES (85, N'Colorado Ragwort', CAST(N'2021-04-28T00:00:00' AS SmallDateTime), N'http://dummyimage.com/1330x1547.png/ff4444/ffffff', NULL, 89, 54)
GO
INSERT [dbo].[images] ([id], [title], [publish_date], [link], [deleted_at], [user_id], [album_id]) VALUES (86, N'Serviceberry', CAST(N'2021-01-09T00:00:00' AS SmallDateTime), N'http://dummyimage.com/1790x1481.png/cc0000/ffffff', NULL, 98, 20)
GO
INSERT [dbo].[images] ([id], [title], [publish_date], [link], [deleted_at], [user_id], [album_id]) VALUES (87, N'Strychnine Tree', CAST(N'2021-12-05T00:00:00' AS SmallDateTime), N'http://dummyimage.com/1456x1824.png/dddddd/000000', NULL, 33, 51)
GO
INSERT [dbo].[images] ([id], [title], [publish_date], [link], [deleted_at], [user_id], [album_id]) VALUES (88, N'West Indian Leach Orchid', CAST(N'2021-06-17T00:00:00' AS SmallDateTime), N'http://dummyimage.com/1852x1095.png/ff4444/ffffff', NULL, 134, 27)
GO
INSERT [dbo].[images] ([id], [title], [publish_date], [link], [deleted_at], [user_id], [album_id]) VALUES (89, N'Fernleaf Yellow False Foxglove', CAST(N'2021-11-30T00:00:00' AS SmallDateTime), N'http://dummyimage.com/1703x1856.png/cc0000/ffffff', NULL, 24, 40)
GO
INSERT [dbo].[images] ([id], [title], [publish_date], [link], [deleted_at], [user_id], [album_id]) VALUES (90, N'Slender Wildparsley', CAST(N'2021-04-27T00:00:00' AS SmallDateTime), N'http://dummyimage.com/1601x1320.png/ff4444/ffffff', NULL, 180, 42)
GO
INSERT [dbo].[images] ([id], [title], [publish_date], [link], [deleted_at], [user_id], [album_id]) VALUES (91, N'Hollyleaf Gilia', CAST(N'2021-06-21T00:00:00' AS SmallDateTime), N'http://dummyimage.com/1777x1060.png/ff4444/ffffff', NULL, 120, 56)
GO
INSERT [dbo].[images] ([id], [title], [publish_date], [link], [deleted_at], [user_id], [album_id]) VALUES (92, N'Mosquin''s Clarkia', CAST(N'2021-05-29T00:00:00' AS SmallDateTime), N'http://dummyimage.com/1590x1388.png/dddddd/000000', NULL, 54, 50)
GO
INSERT [dbo].[images] ([id], [title], [publish_date], [link], [deleted_at], [user_id], [album_id]) VALUES (93, N'Hooded Lady''s Tresses', CAST(N'2021-06-26T00:00:00' AS SmallDateTime), N'http://dummyimage.com/1273x1799.png/ff4444/ffffff', NULL, 187, 31)
GO
INSERT [dbo].[images] ([id], [title], [publish_date], [link], [deleted_at], [user_id], [album_id]) VALUES (94, N'Canyon Gooseberry', CAST(N'2021-11-22T00:00:00' AS SmallDateTime), N'http://dummyimage.com/1504x1993.png/dddddd/000000', NULL, 95, 7)
GO
INSERT [dbo].[images] ([id], [title], [publish_date], [link], [deleted_at], [user_id], [album_id]) VALUES (95, N'Parry''s Pussypaws', CAST(N'2022-02-09T00:00:00' AS SmallDateTime), N'http://dummyimage.com/1308x1230.png/dddddd/000000', NULL, 51, 59)
GO
INSERT [dbo].[images] ([id], [title], [publish_date], [link], [deleted_at], [user_id], [album_id]) VALUES (96, N'Virginia Water Horehound', CAST(N'2021-11-18T00:00:00' AS SmallDateTime), N'http://dummyimage.com/1252x1701.png/cc0000/ffffff', NULL, 128, 50)
GO
INSERT [dbo].[images] ([id], [title], [publish_date], [link], [deleted_at], [user_id], [album_id]) VALUES (97, N'Didymodon Moss', CAST(N'2021-05-27T00:00:00' AS SmallDateTime), N'http://dummyimage.com/1564x1243.png/ff4444/ffffff', NULL, 12, 42)
GO
INSERT [dbo].[images] ([id], [title], [publish_date], [link], [deleted_at], [user_id], [album_id]) VALUES (98, N'Blackandwhite Sedge', CAST(N'2022-04-27T00:00:00' AS SmallDateTime), N'http://dummyimage.com/1650x1266.png/cc0000/ffffff', NULL, 66, 5)
GO
INSERT [dbo].[images] ([id], [title], [publish_date], [link], [deleted_at], [user_id], [album_id]) VALUES (99, N'Sulphur-flower Buckwheat', CAST(N'2022-01-05T00:00:00' AS SmallDateTime), N'http://dummyimage.com/1500x1792.png/dddddd/000000', CAST(N'2021-03-29T00:00:00' AS SmallDateTime), 54, 64)
GO
INSERT [dbo].[images] ([id], [title], [publish_date], [link], [deleted_at], [user_id], [album_id]) VALUES (100, N'Mat Vetch', CAST(N'2022-02-17T00:00:00' AS SmallDateTime), N'http://dummyimage.com/1833x1052.png/cc0000/ffffff', NULL, 84, 25)
GO
INSERT [dbo].[images] ([id], [title], [publish_date], [link], [deleted_at], [user_id], [album_id]) VALUES (101, N'Thermutis Lichen', CAST(N'2021-03-25T00:00:00' AS SmallDateTime), N'http://dummyimage.com/1446x1454.png/ff4444/ffffff', NULL, 53, 15)
GO
INSERT [dbo].[images] ([id], [title], [publish_date], [link], [deleted_at], [user_id], [album_id]) VALUES (102, N'Lyreleaf Jewelflower', CAST(N'2021-05-24T00:00:00' AS SmallDateTime), N'http://dummyimage.com/1730x1066.png/5fa2dd/ffffff', NULL, 161, 24)
GO
INSERT [dbo].[images] ([id], [title], [publish_date], [link], [deleted_at], [user_id], [album_id]) VALUES (103, N'Elmer''s Lupine', CAST(N'2021-11-04T00:00:00' AS SmallDateTime), N'http://dummyimage.com/1126x1594.png/ff4444/ffffff', NULL, 135, 10)
GO
INSERT [dbo].[images] ([id], [title], [publish_date], [link], [deleted_at], [user_id], [album_id]) VALUES (104, N'Convoluted Barbula Moss', CAST(N'2022-03-16T00:00:00' AS SmallDateTime), N'http://dummyimage.com/1111x1328.png/ff4444/ffffff', NULL, 136, 27)
GO
INSERT [dbo].[images] ([id], [title], [publish_date], [link], [deleted_at], [user_id], [album_id]) VALUES (105, N'California Horkelia', CAST(N'2021-05-30T00:00:00' AS SmallDateTime), N'http://dummyimage.com/1480x1045.png/5fa2dd/ffffff', NULL, 197, 60)
GO
INSERT [dbo].[images] ([id], [title], [publish_date], [link], [deleted_at], [user_id], [album_id]) VALUES (106, N'Eggleaf Twayblade', CAST(N'2021-01-29T00:00:00' AS SmallDateTime), N'http://dummyimage.com/1101x1262.png/5fa2dd/ffffff', NULL, 16, 69)
GO
INSERT [dbo].[images] ([id], [title], [publish_date], [link], [deleted_at], [user_id], [album_id]) VALUES (107, N'Glory Wattle', CAST(N'2022-05-16T00:00:00' AS SmallDateTime), N'http://dummyimage.com/1890x1925.png/cc0000/ffffff', NULL, 118, 40)
GO
INSERT [dbo].[images] ([id], [title], [publish_date], [link], [deleted_at], [user_id], [album_id]) VALUES (108, N'Zedoary', CAST(N'2021-07-27T00:00:00' AS SmallDateTime), N'http://dummyimage.com/1410x1116.png/ff4444/ffffff', NULL, 114, 63)
GO
INSERT [dbo].[images] ([id], [title], [publish_date], [link], [deleted_at], [user_id], [album_id]) VALUES (109, N'Herzogiella Moss', CAST(N'2022-01-18T00:00:00' AS SmallDateTime), N'http://dummyimage.com/1722x1885.png/cc0000/ffffff', CAST(N'2021-01-06T00:00:00' AS SmallDateTime), 16, 49)
GO
INSERT [dbo].[images] ([id], [title], [publish_date], [link], [deleted_at], [user_id], [album_id]) VALUES (110, N'Phlyctidia Lichen', CAST(N'2021-04-08T00:00:00' AS SmallDateTime), N'http://dummyimage.com/1006x1956.png/ff4444/ffffff', NULL, 124, 20)
GO
INSERT [dbo].[images] ([id], [title], [publish_date], [link], [deleted_at], [user_id], [album_id]) VALUES (111, N'Mouse-ear Chickweed', CAST(N'2021-04-02T00:00:00' AS SmallDateTime), N'http://dummyimage.com/1599x1007.png/5fa2dd/ffffff', NULL, 182, 43)
GO
INSERT [dbo].[images] ([id], [title], [publish_date], [link], [deleted_at], [user_id], [album_id]) VALUES (112, N'Parish''s Yampah', CAST(N'2022-01-18T00:00:00' AS SmallDateTime), N'http://dummyimage.com/1855x1542.png/5fa2dd/ffffff', NULL, 50, 63)
GO
INSERT [dbo].[images] ([id], [title], [publish_date], [link], [deleted_at], [user_id], [album_id]) VALUES (113, N'Narrow Phacelia', CAST(N'2021-07-21T00:00:00' AS SmallDateTime), N'http://dummyimage.com/1601x1446.png/ff4444/ffffff', NULL, 84, 6)
GO
INSERT [dbo].[images] ([id], [title], [publish_date], [link], [deleted_at], [user_id], [album_id]) VALUES (114, N'Toothed Plagiomnium Moss', CAST(N'2021-12-08T00:00:00' AS SmallDateTime), N'http://dummyimage.com/1125x1537.png/cc0000/ffffff', NULL, 176, 33)
GO
INSERT [dbo].[images] ([id], [title], [publish_date], [link], [deleted_at], [user_id], [album_id]) VALUES (115, N'Longstalk Sedge', CAST(N'2022-01-12T00:00:00' AS SmallDateTime), N'http://dummyimage.com/1378x1380.png/dddddd/000000', NULL, 9, 35)
GO
INSERT [dbo].[images] ([id], [title], [publish_date], [link], [deleted_at], [user_id], [album_id]) VALUES (116, N'Pink Thoroughwort', CAST(N'2021-03-03T00:00:00' AS SmallDateTime), N'http://dummyimage.com/1772x1390.png/cc0000/ffffff', NULL, 155, 61)
GO
INSERT [dbo].[images] ([id], [title], [publish_date], [link], [deleted_at], [user_id], [album_id]) VALUES (117, N'Common Threesquare', CAST(N'2021-09-01T00:00:00' AS SmallDateTime), N'http://dummyimage.com/1809x1972.png/cc0000/ffffff', NULL, 198, 14)
GO
INSERT [dbo].[images] ([id], [title], [publish_date], [link], [deleted_at], [user_id], [album_id]) VALUES (118, N'Honeysuckle', CAST(N'2021-03-12T00:00:00' AS SmallDateTime), N'http://dummyimage.com/1874x1458.png/5fa2dd/ffffff', NULL, 151, 34)
GO
INSERT [dbo].[images] ([id], [title], [publish_date], [link], [deleted_at], [user_id], [album_id]) VALUES (119, N'Yellow Streamers', CAST(N'2021-09-06T00:00:00' AS SmallDateTime), N'http://dummyimage.com/1000x1003.png/5fa2dd/ffffff', NULL, 68, 54)
GO
INSERT [dbo].[images] ([id], [title], [publish_date], [link], [deleted_at], [user_id], [album_id]) VALUES (120, N'Beautiful Spikerush', CAST(N'2022-03-22T00:00:00' AS SmallDateTime), N'http://dummyimage.com/1567x1420.png/dddddd/000000', NULL, 17, 46)
GO
INSERT [dbo].[images] ([id], [title], [publish_date], [link], [deleted_at], [user_id], [album_id]) VALUES (121, N'Gilman''s Milkvetch', CAST(N'2021-02-21T00:00:00' AS SmallDateTime), N'http://dummyimage.com/1216x1544.png/dddddd/000000', NULL, 7, 6)
GO
INSERT [dbo].[images] ([id], [title], [publish_date], [link], [deleted_at], [user_id], [album_id]) VALUES (122, N'Lychee', CAST(N'2022-02-21T00:00:00' AS SmallDateTime), N'http://dummyimage.com/1192x1901.png/dddddd/000000', NULL, 176, 9)
GO
INSERT [dbo].[images] ([id], [title], [publish_date], [link], [deleted_at], [user_id], [album_id]) VALUES (123, N'Strawberry Groundcherry', CAST(N'2022-01-15T00:00:00' AS SmallDateTime), N'http://dummyimage.com/1831x1659.png/ff4444/ffffff', NULL, 195, 25)
GO
INSERT [dbo].[images] ([id], [title], [publish_date], [link], [deleted_at], [user_id], [album_id]) VALUES (124, N'Hairy Clematis', CAST(N'2021-10-27T00:00:00' AS SmallDateTime), N'http://dummyimage.com/1119x1613.png/5fa2dd/ffffff', NULL, 51, 18)
GO
INSERT [dbo].[images] ([id], [title], [publish_date], [link], [deleted_at], [user_id], [album_id]) VALUES (125, N'Soursop', CAST(N'2021-06-22T00:00:00' AS SmallDateTime), N'http://dummyimage.com/1916x1916.png/5fa2dd/ffffff', NULL, 161, 29)
GO
INSERT [dbo].[images] ([id], [title], [publish_date], [link], [deleted_at], [user_id], [album_id]) VALUES (126, N'Touret''s Scleropodium Moss', CAST(N'2022-01-11T00:00:00' AS SmallDateTime), N'http://dummyimage.com/1663x1100.png/cc0000/ffffff', NULL, 198, 45)
GO
INSERT [dbo].[images] ([id], [title], [publish_date], [link], [deleted_at], [user_id], [album_id]) VALUES (127, N'Hairy Lespedeza', CAST(N'2021-06-15T00:00:00' AS SmallDateTime), N'http://dummyimage.com/1311x1077.png/cc0000/ffffff', NULL, 155, 45)
GO
INSERT [dbo].[images] ([id], [title], [publish_date], [link], [deleted_at], [user_id], [album_id]) VALUES (128, N'Dotted Beadfern', CAST(N'2021-12-31T00:00:00' AS SmallDateTime), N'http://dummyimage.com/1395x1948.png/5fa2dd/ffffff', NULL, 40, 22)
GO
INSERT [dbo].[images] ([id], [title], [publish_date], [link], [deleted_at], [user_id], [album_id]) VALUES (129, N'Koli''i', CAST(N'2021-05-19T00:00:00' AS SmallDateTime), N'http://dummyimage.com/1921x1203.png/dddddd/000000', NULL, 193, 70)
GO
INSERT [dbo].[images] ([id], [title], [publish_date], [link], [deleted_at], [user_id], [album_id]) VALUES (130, N'Curtiss'' Primrose-willow', CAST(N'2022-02-08T00:00:00' AS SmallDateTime), N'http://dummyimage.com/1634x1833.png/ff4444/ffffff', NULL, 174, 40)
GO
INSERT [dbo].[images] ([id], [title], [publish_date], [link], [deleted_at], [user_id], [album_id]) VALUES (131, N'Greenman''s Biscuitroot', CAST(N'2021-09-16T00:00:00' AS SmallDateTime), N'http://dummyimage.com/1209x1014.png/5fa2dd/ffffff', NULL, 125, 62)
GO
INSERT [dbo].[images] ([id], [title], [publish_date], [link], [deleted_at], [user_id], [album_id]) VALUES (132, N'Roundleaf Sundew', CAST(N'2021-10-31T00:00:00' AS SmallDateTime), N'http://dummyimage.com/1820x1457.png/cc0000/ffffff', NULL, 1, 65)
GO
INSERT [dbo].[images] ([id], [title], [publish_date], [link], [deleted_at], [user_id], [album_id]) VALUES (133, N'Combseed', CAST(N'2022-04-29T00:00:00' AS SmallDateTime), N'http://dummyimage.com/1961x1450.png/5fa2dd/ffffff', NULL, 119, 18)
GO
INSERT [dbo].[images] ([id], [title], [publish_date], [link], [deleted_at], [user_id], [album_id]) VALUES (134, N'Scotter''s Fleabane', CAST(N'2022-04-29T00:00:00' AS SmallDateTime), N'http://dummyimage.com/1507x1972.png/5fa2dd/ffffff', NULL, 140, 68)
GO
INSERT [dbo].[images] ([id], [title], [publish_date], [link], [deleted_at], [user_id], [album_id]) VALUES (135, N'Downy Mistletoe', CAST(N'2022-05-16T00:00:00' AS SmallDateTime), N'http://dummyimage.com/1979x1067.png/5fa2dd/ffffff', NULL, 89, 33)
GO
INSERT [dbo].[images] ([id], [title], [publish_date], [link], [deleted_at], [user_id], [album_id]) VALUES (136, N'Hoary Hawthorn', CAST(N'2022-03-19T00:00:00' AS SmallDateTime), N'http://dummyimage.com/1205x1084.png/cc0000/ffffff', NULL, 198, 11)
GO
INSERT [dbo].[images] ([id], [title], [publish_date], [link], [deleted_at], [user_id], [album_id]) VALUES (137, N'Red Beaksedge', CAST(N'2021-04-23T00:00:00' AS SmallDateTime), N'http://dummyimage.com/1194x1317.png/dddddd/000000', NULL, 165, 47)
GO
INSERT [dbo].[images] ([id], [title], [publish_date], [link], [deleted_at], [user_id], [album_id]) VALUES (138, N'Small Philippine Acacia', CAST(N'2021-08-30T00:00:00' AS SmallDateTime), N'http://dummyimage.com/1685x1495.png/5fa2dd/ffffff', NULL, 10, 66)
GO
INSERT [dbo].[images] ([id], [title], [publish_date], [link], [deleted_at], [user_id], [album_id]) VALUES (139, N'Mauritia', CAST(N'2022-04-06T00:00:00' AS SmallDateTime), N'http://dummyimage.com/1930x1073.png/5fa2dd/ffffff', NULL, 41, 44)
GO
INSERT [dbo].[images] ([id], [title], [publish_date], [link], [deleted_at], [user_id], [album_id]) VALUES (140, N'Montagne''s Roccella Lichen', CAST(N'2021-04-04T00:00:00' AS SmallDateTime), N'http://dummyimage.com/1121x1831.png/dddddd/000000', CAST(N'2021-10-08T00:00:00' AS SmallDateTime), 184, 25)
GO
INSERT [dbo].[images] ([id], [title], [publish_date], [link], [deleted_at], [user_id], [album_id]) VALUES (141, N'Grain Sorghum', CAST(N'2021-03-16T00:00:00' AS SmallDateTime), N'http://dummyimage.com/1971x1400.png/dddddd/000000', NULL, 127, 62)
GO
INSERT [dbo].[images] ([id], [title], [publish_date], [link], [deleted_at], [user_id], [album_id]) VALUES (142, N'Allantoparmelia Lichen', CAST(N'2021-12-05T00:00:00' AS SmallDateTime), N'http://dummyimage.com/1534x1060.png/5fa2dd/ffffff', NULL, 191, 40)
GO
INSERT [dbo].[images] ([id], [title], [publish_date], [link], [deleted_at], [user_id], [album_id]) VALUES (143, N'Mauritian Grass', CAST(N'2022-04-27T00:00:00' AS SmallDateTime), N'http://dummyimage.com/1843x1980.png/dddddd/000000', NULL, 143, 60)
GO
INSERT [dbo].[images] ([id], [title], [publish_date], [link], [deleted_at], [user_id], [album_id]) VALUES (144, N'New England Blackbutt', CAST(N'2021-05-09T00:00:00' AS SmallDateTime), N'http://dummyimage.com/1735x1333.png/5fa2dd/ffffff', NULL, 10, 46)
GO
INSERT [dbo].[images] ([id], [title], [publish_date], [link], [deleted_at], [user_id], [album_id]) VALUES (145, N'Curvepod Milkvetch', CAST(N'2021-05-16T00:00:00' AS SmallDateTime), N'http://dummyimage.com/1793x1706.png/5fa2dd/ffffff', NULL, 79, 15)
GO
INSERT [dbo].[images] ([id], [title], [publish_date], [link], [deleted_at], [user_id], [album_id]) VALUES (146, N'Dotted Lichen', CAST(N'2021-03-07T00:00:00' AS SmallDateTime), N'http://dummyimage.com/1672x1224.png/5fa2dd/ffffff', NULL, 67, 18)
GO
INSERT [dbo].[images] ([id], [title], [publish_date], [link], [deleted_at], [user_id], [album_id]) VALUES (147, N'Aroeira Blanca', CAST(N'2021-12-22T00:00:00' AS SmallDateTime), N'http://dummyimage.com/1966x1280.png/ff4444/ffffff', CAST(N'2021-08-16T00:00:00' AS SmallDateTime), 161, 65)
GO
INSERT [dbo].[images] ([id], [title], [publish_date], [link], [deleted_at], [user_id], [album_id]) VALUES (148, N'Monkey''s Hand', CAST(N'2021-07-27T00:00:00' AS SmallDateTime), N'http://dummyimage.com/1075x1194.png/cc0000/ffffff', NULL, 124, 27)
GO
INSERT [dbo].[images] ([id], [title], [publish_date], [link], [deleted_at], [user_id], [album_id]) VALUES (149, N'Trans-pecos Cress', CAST(N'2021-06-24T00:00:00' AS SmallDateTime), N'http://dummyimage.com/1692x1138.png/dddddd/000000', NULL, 192, 29)
GO
INSERT [dbo].[images] ([id], [title], [publish_date], [link], [deleted_at], [user_id], [album_id]) VALUES (150, N'Hybrid Oak', CAST(N'2021-03-20T00:00:00' AS SmallDateTime), N'http://dummyimage.com/1523x1834.png/dddddd/000000', NULL, 138, 68)
GO
INSERT [dbo].[images] ([id], [title], [publish_date], [link], [deleted_at], [user_id], [album_id]) VALUES (151, N'Bellybutton Veinfern', CAST(N'2022-04-29T00:00:00' AS SmallDateTime), N'http://dummyimage.com/1929x1041.png/ff4444/ffffff', NULL, 101, 20)
GO
INSERT [dbo].[images] ([id], [title], [publish_date], [link], [deleted_at], [user_id], [album_id]) VALUES (152, N'Creeping Cinquefoil', CAST(N'2021-06-12T00:00:00' AS SmallDateTime), N'http://dummyimage.com/1788x1217.png/5fa2dd/ffffff', NULL, 91, 20)
GO
INSERT [dbo].[images] ([id], [title], [publish_date], [link], [deleted_at], [user_id], [album_id]) VALUES (153, N'Shield Lichen', CAST(N'2021-12-27T00:00:00' AS SmallDateTime), N'http://dummyimage.com/1065x1263.png/dddddd/000000', NULL, 157, 63)
GO
INSERT [dbo].[images] ([id], [title], [publish_date], [link], [deleted_at], [user_id], [album_id]) VALUES (154, N'Lesser Marigold', CAST(N'2021-12-23T00:00:00' AS SmallDateTime), N'http://dummyimage.com/1423x1276.png/5fa2dd/ffffff', NULL, 32, 58)
GO
INSERT [dbo].[images] ([id], [title], [publish_date], [link], [deleted_at], [user_id], [album_id]) VALUES (155, N'Simpson''s Primrose-willow', CAST(N'2021-10-26T00:00:00' AS SmallDateTime), N'http://dummyimage.com/1441x1621.png/ff4444/ffffff', NULL, 57, 63)
GO
INSERT [dbo].[images] ([id], [title], [publish_date], [link], [deleted_at], [user_id], [album_id]) VALUES (156, N'Hairy New York Aster', CAST(N'2021-08-04T00:00:00' AS SmallDateTime), N'http://dummyimage.com/1894x1410.png/cc0000/ffffff', NULL, 89, 34)
GO
INSERT [dbo].[images] ([id], [title], [publish_date], [link], [deleted_at], [user_id], [album_id]) VALUES (157, N'Creeping Sibbaldia', CAST(N'2021-08-15T00:00:00' AS SmallDateTime), N'http://dummyimage.com/1815x1338.png/cc0000/ffffff', NULL, 86, 3)
GO
INSERT [dbo].[images] ([id], [title], [publish_date], [link], [deleted_at], [user_id], [album_id]) VALUES (158, N'Hairy Bedstraw', CAST(N'2021-10-16T00:00:00' AS SmallDateTime), N'http://dummyimage.com/1067x1831.png/ff4444/ffffff', NULL, 94, 44)
GO
INSERT [dbo].[images] ([id], [title], [publish_date], [link], [deleted_at], [user_id], [album_id]) VALUES (159, N'Oval-leaf Knotweed', CAST(N'2021-11-16T00:00:00' AS SmallDateTime), N'http://dummyimage.com/1486x1372.png/ff4444/ffffff', NULL, 141, 52)
GO
INSERT [dbo].[images] ([id], [title], [publish_date], [link], [deleted_at], [user_id], [album_id]) VALUES (160, N'Spreading Spleenwort', CAST(N'2022-03-27T00:00:00' AS SmallDateTime), N'http://dummyimage.com/1675x1392.png/dddddd/000000', NULL, 195, 27)
GO
INSERT [dbo].[images] ([id], [title], [publish_date], [link], [deleted_at], [user_id], [album_id]) VALUES (161, N'Silveus'' Dropseed', CAST(N'2021-06-23T00:00:00' AS SmallDateTime), N'http://dummyimage.com/1553x1316.png/ff4444/ffffff', NULL, 104, 6)
GO
INSERT [dbo].[images] ([id], [title], [publish_date], [link], [deleted_at], [user_id], [album_id]) VALUES (162, N'Redpurple Beebalm', CAST(N'2021-12-04T00:00:00' AS SmallDateTime), N'http://dummyimage.com/1811x1134.png/5fa2dd/ffffff', NULL, 13, 40)
GO
INSERT [dbo].[images] ([id], [title], [publish_date], [link], [deleted_at], [user_id], [album_id]) VALUES (163, N'Fernald''s Milkvetch', CAST(N'2021-02-09T00:00:00' AS SmallDateTime), N'http://dummyimage.com/1275x1028.png/5fa2dd/ffffff', NULL, 102, 37)
GO
INSERT [dbo].[images] ([id], [title], [publish_date], [link], [deleted_at], [user_id], [album_id]) VALUES (164, N'European Olive', CAST(N'2021-11-02T00:00:00' AS SmallDateTime), N'http://dummyimage.com/1280x1620.png/5fa2dd/ffffff', NULL, 22, 52)
GO
INSERT [dbo].[images] ([id], [title], [publish_date], [link], [deleted_at], [user_id], [album_id]) VALUES (165, N'Trans-pecos Morning-glory', CAST(N'2021-11-28T00:00:00' AS SmallDateTime), N'http://dummyimage.com/1728x1282.png/dddddd/000000', NULL, 79, 45)
GO
INSERT [dbo].[images] ([id], [title], [publish_date], [link], [deleted_at], [user_id], [album_id]) VALUES (166, N'Spiral Sorrel', CAST(N'2022-05-18T00:00:00' AS SmallDateTime), N'http://dummyimage.com/1174x1551.png/cc0000/ffffff', NULL, 42, 5)
GO
INSERT [dbo].[images] ([id], [title], [publish_date], [link], [deleted_at], [user_id], [album_id]) VALUES (167, N'Epling''s Hedgenettle', CAST(N'2021-04-01T00:00:00' AS SmallDateTime), N'http://dummyimage.com/1639x1200.png/5fa2dd/ffffff', NULL, 34, 19)
GO
INSERT [dbo].[images] ([id], [title], [publish_date], [link], [deleted_at], [user_id], [album_id]) VALUES (168, N'Fall Panicgrass', CAST(N'2022-03-17T00:00:00' AS SmallDateTime), N'http://dummyimage.com/1768x1730.png/cc0000/ffffff', NULL, 38, 6)
GO
INSERT [dbo].[images] ([id], [title], [publish_date], [link], [deleted_at], [user_id], [album_id]) VALUES (169, N'Golden Brodiaea', CAST(N'2021-08-18T00:00:00' AS SmallDateTime), N'http://dummyimage.com/1427x1431.png/5fa2dd/ffffff', NULL, 84, 24)
GO
INSERT [dbo].[images] ([id], [title], [publish_date], [link], [deleted_at], [user_id], [album_id]) VALUES (170, N'Ox Eye', CAST(N'2021-05-14T00:00:00' AS SmallDateTime), N'http://dummyimage.com/1226x1536.png/5fa2dd/ffffff', NULL, 100, 23)
GO
INSERT [dbo].[images] ([id], [title], [publish_date], [link], [deleted_at], [user_id], [album_id]) VALUES (171, N'Fewleaf Sunflower', CAST(N'2021-11-07T00:00:00' AS SmallDateTime), N'http://dummyimage.com/1749x1394.png/cc0000/ffffff', NULL, 127, 4)
GO
INSERT [dbo].[images] ([id], [title], [publish_date], [link], [deleted_at], [user_id], [album_id]) VALUES (172, N'Fuzzybean', CAST(N'2021-12-13T00:00:00' AS SmallDateTime), N'http://dummyimage.com/1206x1332.png/cc0000/ffffff', NULL, 48, 49)
GO
INSERT [dbo].[images] ([id], [title], [publish_date], [link], [deleted_at], [user_id], [album_id]) VALUES (173, N'Seven River Hills Buckwheat', CAST(N'2022-04-23T00:00:00' AS SmallDateTime), N'http://dummyimage.com/1157x1493.png/cc0000/ffffff', NULL, 25, 61)
GO
INSERT [dbo].[images] ([id], [title], [publish_date], [link], [deleted_at], [user_id], [album_id]) VALUES (174, N'Wiry Flatsedge', CAST(N'2022-01-29T00:00:00' AS SmallDateTime), N'http://dummyimage.com/1595x1996.png/cc0000/ffffff', NULL, 98, 64)
GO
INSERT [dbo].[images] ([id], [title], [publish_date], [link], [deleted_at], [user_id], [album_id]) VALUES (175, N'Anacolia Moss', CAST(N'2021-06-24T00:00:00' AS SmallDateTime), N'http://dummyimage.com/1164x1988.png/ff4444/ffffff', NULL, 26, 28)
GO
INSERT [dbo].[images] ([id], [title], [publish_date], [link], [deleted_at], [user_id], [album_id]) VALUES (176, N'Lapland Beard Lichen', CAST(N'2021-01-06T00:00:00' AS SmallDateTime), N'http://dummyimage.com/1518x1860.png/cc0000/ffffff', NULL, 185, 64)
GO
INSERT [dbo].[images] ([id], [title], [publish_date], [link], [deleted_at], [user_id], [album_id]) VALUES (177, N'Johann''s Locoweed', CAST(N'2021-10-20T00:00:00' AS SmallDateTime), N'http://dummyimage.com/1020x1326.png/ff4444/ffffff', NULL, 109, 23)
GO
INSERT [dbo].[images] ([id], [title], [publish_date], [link], [deleted_at], [user_id], [album_id]) VALUES (178, N'Largeflower Fairybells', CAST(N'2021-07-09T00:00:00' AS SmallDateTime), N'http://dummyimage.com/1800x1303.png/ff4444/ffffff', NULL, 3, 52)
GO
INSERT [dbo].[images] ([id], [title], [publish_date], [link], [deleted_at], [user_id], [album_id]) VALUES (179, N'American Snowbell', CAST(N'2021-05-28T00:00:00' AS SmallDateTime), N'http://dummyimage.com/1493x1835.png/5fa2dd/ffffff', NULL, 11, 38)
GO
INSERT [dbo].[images] ([id], [title], [publish_date], [link], [deleted_at], [user_id], [album_id]) VALUES (180, N'Ivyleaf Speedwell', CAST(N'2021-07-26T00:00:00' AS SmallDateTime), N'http://dummyimage.com/1432x1744.png/5fa2dd/ffffff', NULL, 55, 3)
GO
INSERT [dbo].[images] ([id], [title], [publish_date], [link], [deleted_at], [user_id], [album_id]) VALUES (181, N'Golden Rimmed Navel Lichen', CAST(N'2021-10-06T00:00:00' AS SmallDateTime), N'http://dummyimage.com/1664x1745.png/cc0000/ffffff', NULL, 152, 68)
GO
INSERT [dbo].[images] ([id], [title], [publish_date], [link], [deleted_at], [user_id], [album_id]) VALUES (182, N'Wart Lichen', CAST(N'2022-02-17T00:00:00' AS SmallDateTime), N'http://dummyimage.com/1327x1515.png/5fa2dd/ffffff', NULL, 183, 18)
GO
INSERT [dbo].[images] ([id], [title], [publish_date], [link], [deleted_at], [user_id], [album_id]) VALUES (183, N'Rimmed Lichen', CAST(N'2021-12-31T00:00:00' AS SmallDateTime), N'http://dummyimage.com/1383x1519.png/dddddd/000000', NULL, 15, 53)
GO
INSERT [dbo].[images] ([id], [title], [publish_date], [link], [deleted_at], [user_id], [album_id]) VALUES (184, N'Blue-eyed Grass', CAST(N'2021-10-18T00:00:00' AS SmallDateTime), N'http://dummyimage.com/1858x1327.png/ff4444/ffffff', NULL, 151, 18)
GO
INSERT [dbo].[images] ([id], [title], [publish_date], [link], [deleted_at], [user_id], [album_id]) VALUES (185, N'Pale Agoseris', CAST(N'2021-04-09T00:00:00' AS SmallDateTime), N'http://dummyimage.com/1594x1125.png/ff4444/ffffff', NULL, 49, 15)
GO
INSERT [dbo].[images] ([id], [title], [publish_date], [link], [deleted_at], [user_id], [album_id]) VALUES (186, N'Puerto Rico Ridgerunner', CAST(N'2021-02-12T00:00:00' AS SmallDateTime), N'http://dummyimage.com/1938x1773.png/5fa2dd/ffffff', NULL, 78, 45)
GO
INSERT [dbo].[images] ([id], [title], [publish_date], [link], [deleted_at], [user_id], [album_id]) VALUES (187, N'Longleaf Buckwheat', CAST(N'2021-05-29T00:00:00' AS SmallDateTime), N'http://dummyimage.com/1970x1702.png/ff4444/ffffff', NULL, 45, 39)
GO
INSERT [dbo].[images] ([id], [title], [publish_date], [link], [deleted_at], [user_id], [album_id]) VALUES (188, N'Limestone Adderstongue', CAST(N'2022-03-28T00:00:00' AS SmallDateTime), N'http://dummyimage.com/1753x1156.png/5fa2dd/ffffff', NULL, 3, 8)
GO
INSERT [dbo].[images] ([id], [title], [publish_date], [link], [deleted_at], [user_id], [album_id]) VALUES (189, N'Purpus'' Buckwheat', CAST(N'2021-01-15T00:00:00' AS SmallDateTime), N'http://dummyimage.com/1754x1699.png/cc0000/ffffff', CAST(N'2022-01-21T00:00:00' AS SmallDateTime), 134, 68)
GO
INSERT [dbo].[images] ([id], [title], [publish_date], [link], [deleted_at], [user_id], [album_id]) VALUES (190, N'Fewseed Draba', CAST(N'2021-05-05T00:00:00' AS SmallDateTime), N'http://dummyimage.com/1428x1314.png/5fa2dd/ffffff', NULL, 68, 13)
GO
INSERT [dbo].[images] ([id], [title], [publish_date], [link], [deleted_at], [user_id], [album_id]) VALUES (191, N'Manyflower Thelypody', CAST(N'2021-07-30T00:00:00' AS SmallDateTime), N'http://dummyimage.com/1455x1607.png/cc0000/ffffff', NULL, 71, 22)
GO
INSERT [dbo].[images] ([id], [title], [publish_date], [link], [deleted_at], [user_id], [album_id]) VALUES (192, N'Spanish Needle Onion', CAST(N'2021-10-29T00:00:00' AS SmallDateTime), N'http://dummyimage.com/1251x1263.png/ff4444/ffffff', NULL, 109, 19)
GO
INSERT [dbo].[images] ([id], [title], [publish_date], [link], [deleted_at], [user_id], [album_id]) VALUES (193, N'Tufted Fescue', CAST(N'2022-04-23T00:00:00' AS SmallDateTime), N'http://dummyimage.com/1930x1646.png/5fa2dd/ffffff', NULL, 29, 69)
GO
INSERT [dbo].[images] ([id], [title], [publish_date], [link], [deleted_at], [user_id], [album_id]) VALUES (194, N'Manatee Beaksedge', CAST(N'2022-04-06T00:00:00' AS SmallDateTime), N'http://dummyimage.com/1743x1119.png/ff4444/ffffff', NULL, 178, 25)
GO
INSERT [dbo].[images] ([id], [title], [publish_date], [link], [deleted_at], [user_id], [album_id]) VALUES (195, N'Lettuce', CAST(N'2021-11-01T00:00:00' AS SmallDateTime), N'http://dummyimage.com/1934x1784.png/cc0000/ffffff', NULL, 58, 44)
GO
INSERT [dbo].[images] ([id], [title], [publish_date], [link], [deleted_at], [user_id], [album_id]) VALUES (196, N'Bruised Lichen', CAST(N'2021-05-02T00:00:00' AS SmallDateTime), N'http://dummyimage.com/1560x1372.png/ff4444/ffffff', NULL, 55, 60)
GO
INSERT [dbo].[images] ([id], [title], [publish_date], [link], [deleted_at], [user_id], [album_id]) VALUES (197, N'Shrubby Copperleaf', CAST(N'2021-01-29T00:00:00' AS SmallDateTime), N'http://dummyimage.com/1493x1299.png/dddddd/000000', NULL, 75, 52)
GO
INSERT [dbo].[images] ([id], [title], [publish_date], [link], [deleted_at], [user_id], [album_id]) VALUES (198, N'Prairie Mexican Clover', CAST(N'2021-03-20T00:00:00' AS SmallDateTime), N'http://dummyimage.com/1524x1149.png/ff4444/ffffff', NULL, 98, 12)
GO
INSERT [dbo].[images] ([id], [title], [publish_date], [link], [deleted_at], [user_id], [album_id]) VALUES (199, N'Fringed False Pimpernel', CAST(N'2021-02-20T00:00:00' AS SmallDateTime), N'http://dummyimage.com/1088x1218.png/ff4444/ffffff', NULL, 145, 24)
GO
INSERT [dbo].[images] ([id], [title], [publish_date], [link], [deleted_at], [user_id], [album_id]) VALUES (200, N'Ha''a', CAST(N'2022-03-22T00:00:00' AS SmallDateTime), N'http://dummyimage.com/1490x1904.png/ff4444/ffffff', NULL, 8, 50)
GO
INSERT [dbo].[images] ([id], [title], [publish_date], [link], [deleted_at], [user_id], [album_id]) VALUES (201, N'Silver Hairgrass', CAST(N'2021-11-25T00:00:00' AS SmallDateTime), N'http://dummyimage.com/1058x1105.png/dddddd/000000', NULL, 180, 26)
GO
INSERT [dbo].[images] ([id], [title], [publish_date], [link], [deleted_at], [user_id], [album_id]) VALUES (202, N'Fall Tansyaster', CAST(N'2021-05-14T00:00:00' AS SmallDateTime), N'http://dummyimage.com/1712x1927.png/cc0000/ffffff', CAST(N'2021-01-10T00:00:00' AS SmallDateTime), 158, 6)
GO
INSERT [dbo].[images] ([id], [title], [publish_date], [link], [deleted_at], [user_id], [album_id]) VALUES (203, N'Galenia', CAST(N'2021-04-16T00:00:00' AS SmallDateTime), N'http://dummyimage.com/1922x1471.png/ff4444/ffffff', NULL, 56, 28)
GO
INSERT [dbo].[images] ([id], [title], [publish_date], [link], [deleted_at], [user_id], [album_id]) VALUES (204, N'European Beech', CAST(N'2021-05-10T00:00:00' AS SmallDateTime), N'http://dummyimage.com/1581x1023.png/5fa2dd/ffffff', NULL, 110, 5)
GO
INSERT [dbo].[images] ([id], [title], [publish_date], [link], [deleted_at], [user_id], [album_id]) VALUES (205, N'Tahitian Gooseberry Tree', CAST(N'2021-07-14T00:00:00' AS SmallDateTime), N'http://dummyimage.com/1935x1206.png/dddddd/000000', NULL, 194, 20)
GO
INSERT [dbo].[images] ([id], [title], [publish_date], [link], [deleted_at], [user_id], [album_id]) VALUES (206, N'Hoffmann''s Nightshade', CAST(N'2021-05-03T00:00:00' AS SmallDateTime), N'http://dummyimage.com/1815x1016.png/5fa2dd/ffffff', NULL, 63, 6)
GO
INSERT [dbo].[images] ([id], [title], [publish_date], [link], [deleted_at], [user_id], [album_id]) VALUES (207, N'Dimple Lichen', CAST(N'2021-04-26T00:00:00' AS SmallDateTime), N'http://dummyimage.com/1284x1091.png/5fa2dd/ffffff', NULL, 69, 34)
GO
INSERT [dbo].[images] ([id], [title], [publish_date], [link], [deleted_at], [user_id], [album_id]) VALUES (208, N'Schaack''s Barley', CAST(N'2021-11-10T00:00:00' AS SmallDateTime), N'http://dummyimage.com/1510x1548.png/ff4444/ffffff', NULL, 96, 38)
GO
INSERT [dbo].[images] ([id], [title], [publish_date], [link], [deleted_at], [user_id], [album_id]) VALUES (209, N'Boreal Locoweed', CAST(N'2021-05-12T00:00:00' AS SmallDateTime), N'http://dummyimage.com/1889x1926.png/5fa2dd/ffffff', NULL, 174, 58)
GO
INSERT [dbo].[images] ([id], [title], [publish_date], [link], [deleted_at], [user_id], [album_id]) VALUES (210, N'Soft Bindweed', CAST(N'2021-07-06T00:00:00' AS SmallDateTime), N'http://dummyimage.com/1438x1934.png/cc0000/ffffff', NULL, 132, 43)
GO
INSERT [dbo].[images] ([id], [title], [publish_date], [link], [deleted_at], [user_id], [album_id]) VALUES (211, N'Serpentine Goldenbush', CAST(N'2021-03-06T00:00:00' AS SmallDateTime), N'http://dummyimage.com/1430x1039.png/ff4444/ffffff', NULL, 127, 29)
GO
INSERT [dbo].[images] ([id], [title], [publish_date], [link], [deleted_at], [user_id], [album_id]) VALUES (212, N'Navajo Tea', CAST(N'2021-10-06T00:00:00' AS SmallDateTime), N'http://dummyimage.com/1671x1274.png/ff4444/ffffff', NULL, 29, 8)
GO
INSERT [dbo].[images] ([id], [title], [publish_date], [link], [deleted_at], [user_id], [album_id]) VALUES (213, N'Bitterroot Milkvetch', CAST(N'2022-03-28T00:00:00' AS SmallDateTime), N'http://dummyimage.com/1677x1096.png/dddddd/000000', NULL, 28, 25)
GO
INSERT [dbo].[images] ([id], [title], [publish_date], [link], [deleted_at], [user_id], [album_id]) VALUES (214, N'Parish''s Milkvetch', CAST(N'2021-04-26T00:00:00' AS SmallDateTime), N'http://dummyimage.com/1442x1489.png/cc0000/ffffff', NULL, 90, 10)
GO
INSERT [dbo].[images] ([id], [title], [publish_date], [link], [deleted_at], [user_id], [album_id]) VALUES (215, N'Eucalyptus', CAST(N'2021-10-02T00:00:00' AS SmallDateTime), N'http://dummyimage.com/1050x1674.png/5fa2dd/ffffff', NULL, 185, 45)
GO
INSERT [dbo].[images] ([id], [title], [publish_date], [link], [deleted_at], [user_id], [album_id]) VALUES (216, N'Dot Lichen', CAST(N'2021-10-19T00:00:00' AS SmallDateTime), N'http://dummyimage.com/1839x1416.png/dddddd/000000', NULL, 19, 20)
GO
INSERT [dbo].[images] ([id], [title], [publish_date], [link], [deleted_at], [user_id], [album_id]) VALUES (217, N'Wildrye', CAST(N'2022-05-08T00:00:00' AS SmallDateTime), N'http://dummyimage.com/1586x1276.png/dddddd/000000', NULL, 110, 62)
GO
INSERT [dbo].[images] ([id], [title], [publish_date], [link], [deleted_at], [user_id], [album_id]) VALUES (218, N'False Fennel', CAST(N'2021-03-07T00:00:00' AS SmallDateTime), N'http://dummyimage.com/1632x1335.png/ff4444/ffffff', NULL, 6, 20)
GO
INSERT [dbo].[images] ([id], [title], [publish_date], [link], [deleted_at], [user_id], [album_id]) VALUES (219, N'Harmal Peganum', CAST(N'2021-07-13T00:00:00' AS SmallDateTime), N'http://dummyimage.com/1847x1778.png/ff4444/ffffff', NULL, 26, 57)
GO
INSERT [dbo].[images] ([id], [title], [publish_date], [link], [deleted_at], [user_id], [album_id]) VALUES (220, N'Western Hound''s Tongue', CAST(N'2021-10-13T00:00:00' AS SmallDateTime), N'http://dummyimage.com/1977x1564.png/ff4444/ffffff', NULL, 124, 53)
GO
INSERT [dbo].[images] ([id], [title], [publish_date], [link], [deleted_at], [user_id], [album_id]) VALUES (221, N'Cahaba Torch', CAST(N'2021-10-22T00:00:00' AS SmallDateTime), N'http://dummyimage.com/1580x1206.png/cc0000/ffffff', NULL, 55, 9)
GO
INSERT [dbo].[images] ([id], [title], [publish_date], [link], [deleted_at], [user_id], [album_id]) VALUES (222, N'Andean Walnut', CAST(N'2021-02-16T00:00:00' AS SmallDateTime), N'http://dummyimage.com/1916x1636.png/ff4444/ffffff', NULL, 97, 41)
GO
INSERT [dbo].[images] ([id], [title], [publish_date], [link], [deleted_at], [user_id], [album_id]) VALUES (223, N'Woodland Tickseed', CAST(N'2021-11-06T00:00:00' AS SmallDateTime), N'http://dummyimage.com/1358x1672.png/dddddd/000000', NULL, 64, 13)
GO
INSERT [dbo].[images] ([id], [title], [publish_date], [link], [deleted_at], [user_id], [album_id]) VALUES (224, N'Cherry Silverberry', CAST(N'2022-03-28T00:00:00' AS SmallDateTime), N'http://dummyimage.com/1992x1411.png/cc0000/ffffff', NULL, 180, 7)
GO
INSERT [dbo].[images] ([id], [title], [publish_date], [link], [deleted_at], [user_id], [album_id]) VALUES (225, N'Corkwood', CAST(N'2021-04-22T00:00:00' AS SmallDateTime), N'http://dummyimage.com/1368x1958.png/5fa2dd/ffffff', NULL, 167, 17)
GO
INSERT [dbo].[images] ([id], [title], [publish_date], [link], [deleted_at], [user_id], [album_id]) VALUES (226, N'Tuna', CAST(N'2021-12-11T00:00:00' AS SmallDateTime), N'http://dummyimage.com/1217x1621.png/cc0000/ffffff', CAST(N'2021-08-10T00:00:00' AS SmallDateTime), 24, 26)
GO
INSERT [dbo].[images] ([id], [title], [publish_date], [link], [deleted_at], [user_id], [album_id]) VALUES (227, N'Fanshape Orchid', CAST(N'2022-04-27T00:00:00' AS SmallDateTime), N'http://dummyimage.com/1188x1343.png/cc0000/ffffff', NULL, 43, 35)
GO
INSERT [dbo].[images] ([id], [title], [publish_date], [link], [deleted_at], [user_id], [album_id]) VALUES (228, N'Shinystem Spleenwort', CAST(N'2022-01-06T00:00:00' AS SmallDateTime), N'http://dummyimage.com/1457x1786.png/dddddd/000000', NULL, 116, 7)
GO
INSERT [dbo].[images] ([id], [title], [publish_date], [link], [deleted_at], [user_id], [album_id]) VALUES (229, N'Early Onion', CAST(N'2021-07-21T00:00:00' AS SmallDateTime), N'http://dummyimage.com/1684x1905.png/5fa2dd/ffffff', NULL, 67, 16)
GO
INSERT [dbo].[images] ([id], [title], [publish_date], [link], [deleted_at], [user_id], [album_id]) VALUES (230, N'Rim Lichen', CAST(N'2021-01-08T00:00:00' AS SmallDateTime), N'http://dummyimage.com/1180x1478.png/ff4444/ffffff', NULL, 25, 21)
GO
INSERT [dbo].[images] ([id], [title], [publish_date], [link], [deleted_at], [user_id], [album_id]) VALUES (231, N'Shortspur Seablush', CAST(N'2021-09-13T00:00:00' AS SmallDateTime), N'http://dummyimage.com/1281x1027.png/dddddd/000000', NULL, 105, 15)
GO
INSERT [dbo].[images] ([id], [title], [publish_date], [link], [deleted_at], [user_id], [album_id]) VALUES (232, N'Cracked Lichen', CAST(N'2021-05-09T00:00:00' AS SmallDateTime), N'http://dummyimage.com/1531x1349.png/dddddd/000000', NULL, 11, 29)
GO
INSERT [dbo].[images] ([id], [title], [publish_date], [link], [deleted_at], [user_id], [album_id]) VALUES (233, N'Celery', CAST(N'2021-01-10T00:00:00' AS SmallDateTime), N'http://dummyimage.com/1649x1000.png/5fa2dd/ffffff', NULL, 98, 56)
GO
INSERT [dbo].[images] ([id], [title], [publish_date], [link], [deleted_at], [user_id], [album_id]) VALUES (234, N'Tulip Pricklypear', CAST(N'2021-07-18T00:00:00' AS SmallDateTime), N'http://dummyimage.com/1351x1609.png/5fa2dd/ffffff', NULL, 200, 35)
GO
INSERT [dbo].[images] ([id], [title], [publish_date], [link], [deleted_at], [user_id], [album_id]) VALUES (235, N'Smooth Tidytips', CAST(N'2022-04-26T00:00:00' AS SmallDateTime), N'http://dummyimage.com/1755x1879.png/5fa2dd/ffffff', NULL, 136, 28)
GO
INSERT [dbo].[images] ([id], [title], [publish_date], [link], [deleted_at], [user_id], [album_id]) VALUES (236, N'Jumping Cholla', CAST(N'2021-11-19T00:00:00' AS SmallDateTime), N'http://dummyimage.com/1616x1994.png/ff4444/ffffff', NULL, 138, 25)
GO
INSERT [dbo].[images] ([id], [title], [publish_date], [link], [deleted_at], [user_id], [album_id]) VALUES (237, N'Milolii Kopiwai', CAST(N'2022-01-26T00:00:00' AS SmallDateTime), N'http://dummyimage.com/1190x1924.png/5fa2dd/ffffff', NULL, 137, 10)
GO
INSERT [dbo].[images] ([id], [title], [publish_date], [link], [deleted_at], [user_id], [album_id]) VALUES (238, N'Candle Snuffer Moss', CAST(N'2021-01-16T00:00:00' AS SmallDateTime), N'http://dummyimage.com/1777x1637.png/ff4444/ffffff', NULL, 142, 13)
GO
INSERT [dbo].[images] ([id], [title], [publish_date], [link], [deleted_at], [user_id], [album_id]) VALUES (239, N'Coral Vine', CAST(N'2021-08-31T00:00:00' AS SmallDateTime), N'http://dummyimage.com/1926x1836.png/5fa2dd/ffffff', NULL, 33, 51)
GO
INSERT [dbo].[images] ([id], [title], [publish_date], [link], [deleted_at], [user_id], [album_id]) VALUES (240, N'Gelatinous Trapeliopsis Lichen', CAST(N'2022-02-22T00:00:00' AS SmallDateTime), N'http://dummyimage.com/1313x1836.png/cc0000/ffffff', NULL, 52, 55)
GO
INSERT [dbo].[images] ([id], [title], [publish_date], [link], [deleted_at], [user_id], [album_id]) VALUES (241, N'Hygrohypnum Moss', CAST(N'2021-11-10T00:00:00' AS SmallDateTime), N'http://dummyimage.com/1232x1744.png/dddddd/000000', NULL, 92, 12)
GO
INSERT [dbo].[images] ([id], [title], [publish_date], [link], [deleted_at], [user_id], [album_id]) VALUES (242, N'Estuary Pipewort', CAST(N'2021-11-28T00:00:00' AS SmallDateTime), N'http://dummyimage.com/1246x1974.png/5fa2dd/ffffff', NULL, 143, 46)
GO
INSERT [dbo].[images] ([id], [title], [publish_date], [link], [deleted_at], [user_id], [album_id]) VALUES (243, N'Clustertree', CAST(N'2021-07-29T00:00:00' AS SmallDateTime), N'http://dummyimage.com/1261x1575.png/5fa2dd/ffffff', NULL, 125, 52)
GO
INSERT [dbo].[images] ([id], [title], [publish_date], [link], [deleted_at], [user_id], [album_id]) VALUES (244, N'Anticosti Island Aster', CAST(N'2021-01-19T00:00:00' AS SmallDateTime), N'http://dummyimage.com/1909x1246.png/dddddd/000000', NULL, 36, 21)
GO
INSERT [dbo].[images] ([id], [title], [publish_date], [link], [deleted_at], [user_id], [album_id]) VALUES (245, N'Fivefingers', CAST(N'2022-03-12T00:00:00' AS SmallDateTime), N'http://dummyimage.com/1893x1299.png/dddddd/000000', NULL, 78, 50)
GO
INSERT [dbo].[images] ([id], [title], [publish_date], [link], [deleted_at], [user_id], [album_id]) VALUES (246, N'Coville''s Rush', CAST(N'2021-07-21T00:00:00' AS SmallDateTime), N'http://dummyimage.com/1432x1067.png/ff4444/ffffff', NULL, 128, 4)
GO
INSERT [dbo].[images] ([id], [title], [publish_date], [link], [deleted_at], [user_id], [album_id]) VALUES (247, N'Ziegler''s Sage', CAST(N'2021-04-08T00:00:00' AS SmallDateTime), N'http://dummyimage.com/1058x1411.png/cc0000/ffffff', NULL, 19, 48)
GO
INSERT [dbo].[images] ([id], [title], [publish_date], [link], [deleted_at], [user_id], [album_id]) VALUES (248, N'Skin Lichen', CAST(N'2022-03-23T00:00:00' AS SmallDateTime), N'http://dummyimage.com/1927x1913.png/dddddd/000000', NULL, 170, 41)
GO
INSERT [dbo].[images] ([id], [title], [publish_date], [link], [deleted_at], [user_id], [album_id]) VALUES (249, N'Whiteleaf Manzanita', CAST(N'2021-02-16T00:00:00' AS SmallDateTime), N'http://dummyimage.com/1834x1091.png/dddddd/000000', NULL, 142, 21)
GO
INSERT [dbo].[images] ([id], [title], [publish_date], [link], [deleted_at], [user_id], [album_id]) VALUES (250, N'Europe Sage', CAST(N'2021-09-16T00:00:00' AS SmallDateTime), N'http://dummyimage.com/1390x1474.png/cc0000/ffffff', NULL, 38, 54)
GO
INSERT [dbo].[images] ([id], [title], [publish_date], [link], [deleted_at], [user_id], [album_id]) VALUES (251, N'Graham''s Willow', CAST(N'2021-08-19T00:00:00' AS SmallDateTime), N'http://dummyimage.com/1109x1362.png/dddddd/000000', NULL, 58, 19)
GO
INSERT [dbo].[images] ([id], [title], [publish_date], [link], [deleted_at], [user_id], [album_id]) VALUES (252, N'Hydrocleys', CAST(N'2022-03-16T00:00:00' AS SmallDateTime), N'http://dummyimage.com/1817x1673.png/cc0000/ffffff', NULL, 200, 20)
GO
INSERT [dbo].[images] ([id], [title], [publish_date], [link], [deleted_at], [user_id], [album_id]) VALUES (253, N'Dotted Duckmeat', CAST(N'2021-07-26T00:00:00' AS SmallDateTime), N'http://dummyimage.com/1526x1656.png/5fa2dd/ffffff', NULL, 27, 4)
GO
INSERT [dbo].[images] ([id], [title], [publish_date], [link], [deleted_at], [user_id], [album_id]) VALUES (254, N'Rusby''s Locust', CAST(N'2021-08-16T00:00:00' AS SmallDateTime), N'http://dummyimage.com/1806x1447.png/dddddd/000000', NULL, 69, 10)
GO
INSERT [dbo].[images] ([id], [title], [publish_date], [link], [deleted_at], [user_id], [album_id]) VALUES (255, N'Slender Plantain', CAST(N'2021-10-12T00:00:00' AS SmallDateTime), N'http://dummyimage.com/1162x1171.png/cc0000/ffffff', NULL, 15, 31)
GO
INSERT [dbo].[images] ([id], [title], [publish_date], [link], [deleted_at], [user_id], [album_id]) VALUES (256, N'Mountain Crownbeard', CAST(N'2021-08-01T00:00:00' AS SmallDateTime), N'http://dummyimage.com/1512x1399.png/dddddd/000000', NULL, 111, 5)
GO
INSERT [dbo].[images] ([id], [title], [publish_date], [link], [deleted_at], [user_id], [album_id]) VALUES (257, N'Andreaea Moss', CAST(N'2022-03-15T00:00:00' AS SmallDateTime), N'http://dummyimage.com/1302x1313.png/dddddd/000000', NULL, 150, 27)
GO
INSERT [dbo].[images] ([id], [title], [publish_date], [link], [deleted_at], [user_id], [album_id]) VALUES (258, N'Pareira', CAST(N'2022-02-07T00:00:00' AS SmallDateTime), N'http://dummyimage.com/1975x1381.png/cc0000/ffffff', NULL, 127, 12)
GO
INSERT [dbo].[images] ([id], [title], [publish_date], [link], [deleted_at], [user_id], [album_id]) VALUES (259, N'Alani Wai', CAST(N'2021-10-08T00:00:00' AS SmallDateTime), N'http://dummyimage.com/1028x1408.png/dddddd/000000', NULL, 107, 51)
GO
INSERT [dbo].[images] ([id], [title], [publish_date], [link], [deleted_at], [user_id], [album_id]) VALUES (260, N'Lavender Thoroughwort', CAST(N'2021-05-21T00:00:00' AS SmallDateTime), N'http://dummyimage.com/1601x1166.png/cc0000/ffffff', NULL, 113, 24)
GO
INSERT [dbo].[images] ([id], [title], [publish_date], [link], [deleted_at], [user_id], [album_id]) VALUES (261, N'Daphne', CAST(N'2021-01-10T00:00:00' AS SmallDateTime), N'http://dummyimage.com/1990x1757.png/ff4444/ffffff', CAST(N'2022-03-15T00:00:00' AS SmallDateTime), 151, 48)
GO
INSERT [dbo].[images] ([id], [title], [publish_date], [link], [deleted_at], [user_id], [album_id]) VALUES (262, N'White Stonecrop', CAST(N'2021-04-24T00:00:00' AS SmallDateTime), N'http://dummyimage.com/1508x1586.png/dddddd/000000', NULL, 172, 63)
GO
INSERT [dbo].[images] ([id], [title], [publish_date], [link], [deleted_at], [user_id], [album_id]) VALUES (263, N'Sphinctrina Lichen', CAST(N'2021-12-13T00:00:00' AS SmallDateTime), N'http://dummyimage.com/1284x1417.png/dddddd/000000', NULL, 122, 70)
GO
INSERT [dbo].[images] ([id], [title], [publish_date], [link], [deleted_at], [user_id], [album_id]) VALUES (264, N'Cedar Gladecress', CAST(N'2021-06-03T00:00:00' AS SmallDateTime), N'http://dummyimage.com/1875x1634.png/cc0000/ffffff', NULL, 117, 69)
GO
INSERT [dbo].[images] ([id], [title], [publish_date], [link], [deleted_at], [user_id], [album_id]) VALUES (265, N'Santa Rosa Mountains Linanthus', CAST(N'2021-04-11T00:00:00' AS SmallDateTime), N'http://dummyimage.com/1482x1109.png/5fa2dd/ffffff', NULL, 25, 39)
GO
INSERT [dbo].[images] ([id], [title], [publish_date], [link], [deleted_at], [user_id], [album_id]) VALUES (266, N'Foreign Cloak Fern', CAST(N'2021-11-28T00:00:00' AS SmallDateTime), N'http://dummyimage.com/1284x1783.png/dddddd/000000', NULL, 28, 42)
GO
INSERT [dbo].[images] ([id], [title], [publish_date], [link], [deleted_at], [user_id], [album_id]) VALUES (267, N'Watercress', CAST(N'2021-02-02T00:00:00' AS SmallDateTime), N'http://dummyimage.com/1007x1020.png/dddddd/000000', NULL, 106, 29)
GO
INSERT [dbo].[images] ([id], [title], [publish_date], [link], [deleted_at], [user_id], [album_id]) VALUES (268, N'Bluntleaf Yellowcress', CAST(N'2022-01-20T00:00:00' AS SmallDateTime), N'http://dummyimage.com/1213x1346.png/dddddd/000000', NULL, 192, 19)
GO
INSERT [dbo].[images] ([id], [title], [publish_date], [link], [deleted_at], [user_id], [album_id]) VALUES (269, N'Heller''s Beardtongue', CAST(N'2021-10-05T00:00:00' AS SmallDateTime), N'http://dummyimage.com/1255x1882.png/ff4444/ffffff', NULL, 96, 56)
GO
INSERT [dbo].[images] ([id], [title], [publish_date], [link], [deleted_at], [user_id], [album_id]) VALUES (270, N'Profuseflower Mesamint', CAST(N'2021-10-05T00:00:00' AS SmallDateTime), N'http://dummyimage.com/1778x1721.png/5fa2dd/ffffff', NULL, 177, 45)
GO
INSERT [dbo].[images] ([id], [title], [publish_date], [link], [deleted_at], [user_id], [album_id]) VALUES (271, N'Beargrass', CAST(N'2021-05-30T00:00:00' AS SmallDateTime), N'http://dummyimage.com/1141x1280.png/dddddd/000000', NULL, 180, 41)
GO
INSERT [dbo].[images] ([id], [title], [publish_date], [link], [deleted_at], [user_id], [album_id]) VALUES (272, N'Godfrey''s Sedge', CAST(N'2021-01-08T00:00:00' AS SmallDateTime), N'http://dummyimage.com/1930x1973.png/5fa2dd/ffffff', NULL, 79, 4)
GO
INSERT [dbo].[images] ([id], [title], [publish_date], [link], [deleted_at], [user_id], [album_id]) VALUES (273, N'California Horkelia', CAST(N'2021-10-06T00:00:00' AS SmallDateTime), N'http://dummyimage.com/1581x1411.png/ff4444/ffffff', NULL, 9, 36)
GO
INSERT [dbo].[images] ([id], [title], [publish_date], [link], [deleted_at], [user_id], [album_id]) VALUES (274, N'Wild Sisal', CAST(N'2021-12-02T00:00:00' AS SmallDateTime), N'http://dummyimage.com/1615x1608.png/dddddd/000000', NULL, 190, 11)
GO
INSERT [dbo].[images] ([id], [title], [publish_date], [link], [deleted_at], [user_id], [album_id]) VALUES (275, N'Marsh Flatsedge', CAST(N'2021-11-04T00:00:00' AS SmallDateTime), N'http://dummyimage.com/1191x1010.png/dddddd/000000', NULL, 170, 20)
GO
INSERT [dbo].[images] ([id], [title], [publish_date], [link], [deleted_at], [user_id], [album_id]) VALUES (276, N'Alkali Goldenbush', CAST(N'2021-03-16T00:00:00' AS SmallDateTime), N'http://dummyimage.com/1993x1818.png/ff4444/ffffff', NULL, 157, 26)
GO
INSERT [dbo].[images] ([id], [title], [publish_date], [link], [deleted_at], [user_id], [album_id]) VALUES (277, N'Shortleaf Bruchia Moss', CAST(N'2022-01-11T00:00:00' AS SmallDateTime), N'http://dummyimage.com/1758x1309.png/dddddd/000000', NULL, 46, 46)
GO
INSERT [dbo].[images] ([id], [title], [publish_date], [link], [deleted_at], [user_id], [album_id]) VALUES (278, N'Russian Milkvetch', CAST(N'2021-12-22T00:00:00' AS SmallDateTime), N'http://dummyimage.com/1485x1068.png/5fa2dd/ffffff', NULL, 168, 20)
GO
INSERT [dbo].[images] ([id], [title], [publish_date], [link], [deleted_at], [user_id], [album_id]) VALUES (279, N'Texas Bluestar', CAST(N'2021-04-25T00:00:00' AS SmallDateTime), N'http://dummyimage.com/1788x1274.png/dddddd/000000', NULL, 107, 31)
GO
INSERT [dbo].[images] ([id], [title], [publish_date], [link], [deleted_at], [user_id], [album_id]) VALUES (280, N'Faurie''s Club', CAST(N'2021-09-19T00:00:00' AS SmallDateTime), N'http://dummyimage.com/1869x1489.png/ff4444/ffffff', NULL, 7, 45)
GO
INSERT [dbo].[images] ([id], [title], [publish_date], [link], [deleted_at], [user_id], [album_id]) VALUES (281, N'Paradox Acacia', CAST(N'2021-07-04T00:00:00' AS SmallDateTime), N'http://dummyimage.com/1459x1772.png/dddddd/000000', NULL, 63, 57)
GO
INSERT [dbo].[images] ([id], [title], [publish_date], [link], [deleted_at], [user_id], [album_id]) VALUES (282, N'Alabama Cherry', CAST(N'2022-04-23T00:00:00' AS SmallDateTime), N'http://dummyimage.com/1542x1395.png/5fa2dd/ffffff', NULL, 7, 13)
GO
INSERT [dbo].[images] ([id], [title], [publish_date], [link], [deleted_at], [user_id], [album_id]) VALUES (283, N'Craven Oak', CAST(N'2022-03-03T00:00:00' AS SmallDateTime), N'http://dummyimage.com/1808x1218.png/cc0000/ffffff', NULL, 183, 10)
GO
INSERT [dbo].[images] ([id], [title], [publish_date], [link], [deleted_at], [user_id], [album_id]) VALUES (284, N'Bird''s-eye Cress', CAST(N'2021-01-09T00:00:00' AS SmallDateTime), N'http://dummyimage.com/1470x1809.png/ff4444/ffffff', NULL, 61, 26)
GO
INSERT [dbo].[images] ([id], [title], [publish_date], [link], [deleted_at], [user_id], [album_id]) VALUES (285, N'Pigmy Cypress-pine', CAST(N'2021-05-08T00:00:00' AS SmallDateTime), N'http://dummyimage.com/1977x1682.png/5fa2dd/ffffff', NULL, 42, 32)
GO
INSERT [dbo].[images] ([id], [title], [publish_date], [link], [deleted_at], [user_id], [album_id]) VALUES (286, N'Pyrrhobryum Moss', CAST(N'2022-03-14T00:00:00' AS SmallDateTime), N'http://dummyimage.com/1635x1544.png/5fa2dd/ffffff', NULL, 119, 61)
GO
INSERT [dbo].[images] ([id], [title], [publish_date], [link], [deleted_at], [user_id], [album_id]) VALUES (287, N'Anthracothecium Lichen', CAST(N'2021-05-29T00:00:00' AS SmallDateTime), N'http://dummyimage.com/1966x1601.png/cc0000/ffffff', NULL, 149, 34)
GO
INSERT [dbo].[images] ([id], [title], [publish_date], [link], [deleted_at], [user_id], [album_id]) VALUES (288, N'Rio Grande Butterflybush', CAST(N'2021-11-30T00:00:00' AS SmallDateTime), N'http://dummyimage.com/1306x1090.png/cc0000/ffffff', NULL, 196, 47)
GO
INSERT [dbo].[images] ([id], [title], [publish_date], [link], [deleted_at], [user_id], [album_id]) VALUES (289, N'Slender Pride Of Rochester', CAST(N'2022-02-09T00:00:00' AS SmallDateTime), N'http://dummyimage.com/1442x1128.png/cc0000/ffffff', NULL, 161, 65)
GO
INSERT [dbo].[images] ([id], [title], [publish_date], [link], [deleted_at], [user_id], [album_id]) VALUES (290, N'Puntaj Jayuya', CAST(N'2021-07-14T00:00:00' AS SmallDateTime), N'http://dummyimage.com/1482x1590.png/dddddd/000000', NULL, 38, 20)
GO
INSERT [dbo].[images] ([id], [title], [publish_date], [link], [deleted_at], [user_id], [album_id]) VALUES (291, N'Silver-dollar Eucalyptus', CAST(N'2021-12-06T00:00:00' AS SmallDateTime), N'http://dummyimage.com/1076x1488.png/5fa2dd/ffffff', NULL, 121, 19)
GO
INSERT [dbo].[images] ([id], [title], [publish_date], [link], [deleted_at], [user_id], [album_id]) VALUES (292, N'Bell-flower Pricklypear', CAST(N'2022-03-18T00:00:00' AS SmallDateTime), N'http://dummyimage.com/1160x1998.png/5fa2dd/ffffff', NULL, 135, 14)
GO
INSERT [dbo].[images] ([id], [title], [publish_date], [link], [deleted_at], [user_id], [album_id]) VALUES (293, N'Wooton''s Mock Orange', CAST(N'2021-09-22T00:00:00' AS SmallDateTime), N'http://dummyimage.com/1305x1673.png/cc0000/ffffff', NULL, 14, 20)
GO
INSERT [dbo].[images] ([id], [title], [publish_date], [link], [deleted_at], [user_id], [album_id]) VALUES (294, N'Pomegranate', CAST(N'2021-10-15T00:00:00' AS SmallDateTime), N'http://dummyimage.com/1906x1900.png/5fa2dd/ffffff', NULL, 192, 53)
GO
INSERT [dbo].[images] ([id], [title], [publish_date], [link], [deleted_at], [user_id], [album_id]) VALUES (295, N'Bristly Jewelflower', CAST(N'2021-09-10T00:00:00' AS SmallDateTime), N'http://dummyimage.com/1442x1698.png/dddddd/000000', NULL, 172, 45)
GO
INSERT [dbo].[images] ([id], [title], [publish_date], [link], [deleted_at], [user_id], [album_id]) VALUES (296, N'Coville Ceanothus', CAST(N'2021-09-04T00:00:00' AS SmallDateTime), N'http://dummyimage.com/1892x1879.png/cc0000/ffffff', NULL, 139, 15)
GO
INSERT [dbo].[images] ([id], [title], [publish_date], [link], [deleted_at], [user_id], [album_id]) VALUES (297, N'Texas Salt', CAST(N'2021-12-12T00:00:00' AS SmallDateTime), N'http://dummyimage.com/1700x1709.png/cc0000/ffffff', NULL, 132, 56)
GO
INSERT [dbo].[images] ([id], [title], [publish_date], [link], [deleted_at], [user_id], [album_id]) VALUES (298, N'Tapertip Cinquefoil', CAST(N'2021-04-29T00:00:00' AS SmallDateTime), N'http://dummyimage.com/1373x1821.png/cc0000/ffffff', NULL, 160, 37)
GO
INSERT [dbo].[images] ([id], [title], [publish_date], [link], [deleted_at], [user_id], [album_id]) VALUES (299, N'Scentless Bayberry', CAST(N'2021-11-29T00:00:00' AS SmallDateTime), N'http://dummyimage.com/1412x1877.png/5fa2dd/ffffff', NULL, 5, 68)
GO
INSERT [dbo].[images] ([id], [title], [publish_date], [link], [deleted_at], [user_id], [album_id]) VALUES (300, N'Gooseneck Yellow Loosestrife', CAST(N'2021-06-14T00:00:00' AS SmallDateTime), N'http://dummyimage.com/1558x1944.png/5fa2dd/ffffff', NULL, 148, 35)
GO
INSERT [dbo].[images] ([id], [title], [publish_date], [link], [deleted_at], [user_id], [album_id]) VALUES (301, N'Woollyfruit Desertparsley', CAST(N'2021-03-18T00:00:00' AS SmallDateTime), N'http://dummyimage.com/1878x1218.png/ff4444/ffffff', NULL, 15, 39)
GO
INSERT [dbo].[images] ([id], [title], [publish_date], [link], [deleted_at], [user_id], [album_id]) VALUES (302, N'Balanites', CAST(N'2021-04-06T00:00:00' AS SmallDateTime), N'http://dummyimage.com/1893x1153.png/cc0000/ffffff', NULL, 26, 20)
GO
INSERT [dbo].[images] ([id], [title], [publish_date], [link], [deleted_at], [user_id], [album_id]) VALUES (303, N'Pseudocyphellaria Lichen', CAST(N'2021-04-27T00:00:00' AS SmallDateTime), N'http://dummyimage.com/1375x1088.png/cc0000/ffffff', NULL, 123, 13)
GO
INSERT [dbo].[images] ([id], [title], [publish_date], [link], [deleted_at], [user_id], [album_id]) VALUES (304, N'Slender Leaf Rattlebox', CAST(N'2021-07-05T00:00:00' AS SmallDateTime), N'http://dummyimage.com/1709x1279.png/cc0000/ffffff', NULL, 114, 16)
GO
INSERT [dbo].[images] ([id], [title], [publish_date], [link], [deleted_at], [user_id], [album_id]) VALUES (305, N'Dentate False Pennyroyal', CAST(N'2022-03-28T00:00:00' AS SmallDateTime), N'http://dummyimage.com/1648x1748.png/ff4444/ffffff', NULL, 141, 8)
GO
INSERT [dbo].[images] ([id], [title], [publish_date], [link], [deleted_at], [user_id], [album_id]) VALUES (306, N'Beloperone', CAST(N'2021-11-12T00:00:00' AS SmallDateTime), N'http://dummyimage.com/1588x1721.png/5fa2dd/ffffff', NULL, 32, 4)
GO
INSERT [dbo].[images] ([id], [title], [publish_date], [link], [deleted_at], [user_id], [album_id]) VALUES (307, N'Scabland Fleabane', CAST(N'2021-05-11T00:00:00' AS SmallDateTime), N'http://dummyimage.com/1824x1188.png/cc0000/ffffff', NULL, 102, 17)
GO
INSERT [dbo].[images] ([id], [title], [publish_date], [link], [deleted_at], [user_id], [album_id]) VALUES (308, N'Delicate Violet Orchid', CAST(N'2021-02-25T00:00:00' AS SmallDateTime), N'http://dummyimage.com/1590x1541.png/ff4444/ffffff', NULL, 188, 56)
GO
INSERT [dbo].[images] ([id], [title], [publish_date], [link], [deleted_at], [user_id], [album_id]) VALUES (309, N'Carolina Violet', CAST(N'2021-01-24T00:00:00' AS SmallDateTime), N'http://dummyimage.com/1283x1880.png/dddddd/000000', NULL, 6, 24)
GO
INSERT [dbo].[images] ([id], [title], [publish_date], [link], [deleted_at], [user_id], [album_id]) VALUES (310, N'Davidson''s Blue Eyed Mary', CAST(N'2021-03-21T00:00:00' AS SmallDateTime), N'http://dummyimage.com/1883x1084.png/dddddd/000000', NULL, 17, 36)
GO
INSERT [dbo].[images] ([id], [title], [publish_date], [link], [deleted_at], [user_id], [album_id]) VALUES (311, N'Sugarcane Plumegrass', CAST(N'2021-01-05T00:00:00' AS SmallDateTime), N'http://dummyimage.com/1456x1962.png/dddddd/000000', NULL, 58, 30)
GO
INSERT [dbo].[images] ([id], [title], [publish_date], [link], [deleted_at], [user_id], [album_id]) VALUES (312, N'Horsehair Lichen', CAST(N'2021-05-27T00:00:00' AS SmallDateTime), N'http://dummyimage.com/1020x1928.png/5fa2dd/ffffff', NULL, 27, 36)
GO
INSERT [dbo].[images] ([id], [title], [publish_date], [link], [deleted_at], [user_id], [album_id]) VALUES (313, N'Largeflower Bush Monkeyflower', CAST(N'2021-02-07T00:00:00' AS SmallDateTime), N'http://dummyimage.com/1200x1757.png/ff4444/ffffff', NULL, 27, 56)
GO
INSERT [dbo].[images] ([id], [title], [publish_date], [link], [deleted_at], [user_id], [album_id]) VALUES (314, N'Boldingh''s Dodder', CAST(N'2022-01-15T00:00:00' AS SmallDateTime), N'http://dummyimage.com/1648x1926.png/ff4444/ffffff', NULL, 166, 38)
GO
INSERT [dbo].[images] ([id], [title], [publish_date], [link], [deleted_at], [user_id], [album_id]) VALUES (315, N'Pitcherplant', CAST(N'2021-10-09T00:00:00' AS SmallDateTime), N'http://dummyimage.com/1120x1125.png/5fa2dd/ffffff', NULL, 144, 34)
GO
INSERT [dbo].[images] ([id], [title], [publish_date], [link], [deleted_at], [user_id], [album_id]) VALUES (316, N'Wingnut Cryptantha', CAST(N'2021-12-27T00:00:00' AS SmallDateTime), N'http://dummyimage.com/1449x1836.png/dddddd/000000', NULL, 100, 60)
GO
INSERT [dbo].[images] ([id], [title], [publish_date], [link], [deleted_at], [user_id], [album_id]) VALUES (317, N'Ferula', CAST(N'2021-02-25T00:00:00' AS SmallDateTime), N'http://dummyimage.com/1748x1465.png/5fa2dd/ffffff', NULL, 113, 3)
GO
INSERT [dbo].[images] ([id], [title], [publish_date], [link], [deleted_at], [user_id], [album_id]) VALUES (318, N'Russeola Rockcress', CAST(N'2022-04-11T00:00:00' AS SmallDateTime), N'http://dummyimage.com/1263x1527.png/dddddd/000000', NULL, 171, 42)
GO
INSERT [dbo].[images] ([id], [title], [publish_date], [link], [deleted_at], [user_id], [album_id]) VALUES (319, N'Hairy Skullcap', CAST(N'2021-08-28T00:00:00' AS SmallDateTime), N'http://dummyimage.com/1536x1540.png/5fa2dd/ffffff', NULL, 134, 11)
GO
INSERT [dbo].[images] ([id], [title], [publish_date], [link], [deleted_at], [user_id], [album_id]) VALUES (320, N'Vateria', CAST(N'2021-01-23T00:00:00' AS SmallDateTime), N'http://dummyimage.com/1145x1375.png/ff4444/ffffff', NULL, 176, 19)
GO
INSERT [dbo].[images] ([id], [title], [publish_date], [link], [deleted_at], [user_id], [album_id]) VALUES (321, N'Pseudopanax', CAST(N'2022-02-09T00:00:00' AS SmallDateTime), N'http://dummyimage.com/1434x1226.png/ff4444/ffffff', NULL, 105, 55)
GO
INSERT [dbo].[images] ([id], [title], [publish_date], [link], [deleted_at], [user_id], [album_id]) VALUES (322, N'Tall Mountain Larkspur', CAST(N'2021-08-22T00:00:00' AS SmallDateTime), N'http://dummyimage.com/1216x1223.png/5fa2dd/ffffff', NULL, 98, 13)
GO
INSERT [dbo].[images] ([id], [title], [publish_date], [link], [deleted_at], [user_id], [album_id]) VALUES (323, N'Melocactus', CAST(N'2021-05-20T00:00:00' AS SmallDateTime), N'http://dummyimage.com/1304x1918.png/cc0000/ffffff', NULL, 68, 11)
GO
INSERT [dbo].[images] ([id], [title], [publish_date], [link], [deleted_at], [user_id], [album_id]) VALUES (324, N'Wishbone-bush', CAST(N'2021-02-06T00:00:00' AS SmallDateTime), N'http://dummyimage.com/1230x1306.png/ff4444/ffffff', NULL, 70, 17)
GO
INSERT [dbo].[images] ([id], [title], [publish_date], [link], [deleted_at], [user_id], [album_id]) VALUES (325, N'Halberd Willow', CAST(N'2022-01-23T00:00:00' AS SmallDateTime), N'http://dummyimage.com/1684x1452.png/cc0000/ffffff', NULL, 35, 10)
GO
INSERT [dbo].[images] ([id], [title], [publish_date], [link], [deleted_at], [user_id], [album_id]) VALUES (326, N'Hybrid Willow', CAST(N'2021-07-01T00:00:00' AS SmallDateTime), N'http://dummyimage.com/1762x1419.png/5fa2dd/ffffff', CAST(N'2021-12-25T00:00:00' AS SmallDateTime), 76, 23)
GO
INSERT [dbo].[images] ([id], [title], [publish_date], [link], [deleted_at], [user_id], [album_id]) VALUES (327, N'Mosquito Waterwort', CAST(N'2022-02-04T00:00:00' AS SmallDateTime), N'http://dummyimage.com/1665x1620.png/dddddd/000000', NULL, 145, 67)
GO
INSERT [dbo].[images] ([id], [title], [publish_date], [link], [deleted_at], [user_id], [album_id]) VALUES (328, N'Slender Mountain Sandwort', CAST(N'2022-04-02T00:00:00' AS SmallDateTime), N'http://dummyimage.com/1439x1944.png/cc0000/ffffff', NULL, 98, 36)
GO
INSERT [dbo].[images] ([id], [title], [publish_date], [link], [deleted_at], [user_id], [album_id]) VALUES (329, N'Utah Fleabane', CAST(N'2021-07-27T00:00:00' AS SmallDateTime), N'http://dummyimage.com/1316x1032.png/cc0000/ffffff', NULL, 62, 61)
GO
INSERT [dbo].[images] ([id], [title], [publish_date], [link], [deleted_at], [user_id], [album_id]) VALUES (330, N'Alpine Sweetgrass', CAST(N'2022-03-16T00:00:00' AS SmallDateTime), N'http://dummyimage.com/1496x1274.png/cc0000/ffffff', NULL, 149, 55)
GO
INSERT [dbo].[images] ([id], [title], [publish_date], [link], [deleted_at], [user_id], [album_id]) VALUES (331, N'Jewels Of Opar', CAST(N'2021-07-15T00:00:00' AS SmallDateTime), N'http://dummyimage.com/1115x1427.png/ff4444/ffffff', NULL, 181, 43)
GO
INSERT [dbo].[images] ([id], [title], [publish_date], [link], [deleted_at], [user_id], [album_id]) VALUES (332, N'Chestnut Oak', CAST(N'2021-04-24T00:00:00' AS SmallDateTime), N'http://dummyimage.com/1655x1868.png/5fa2dd/ffffff', NULL, 127, 3)
GO
INSERT [dbo].[images] ([id], [title], [publish_date], [link], [deleted_at], [user_id], [album_id]) VALUES (333, N'Grapefern', CAST(N'2022-03-06T00:00:00' AS SmallDateTime), N'http://dummyimage.com/1509x1634.png/cc0000/ffffff', NULL, 69, 27)
GO
INSERT [dbo].[images] ([id], [title], [publish_date], [link], [deleted_at], [user_id], [album_id]) VALUES (334, N'Eastern Redbud', CAST(N'2021-08-21T00:00:00' AS SmallDateTime), N'http://dummyimage.com/1291x1931.png/5fa2dd/ffffff', NULL, 173, 14)
GO
INSERT [dbo].[images] ([id], [title], [publish_date], [link], [deleted_at], [user_id], [album_id]) VALUES (335, N'Broadvein Sedge', CAST(N'2021-06-13T00:00:00' AS SmallDateTime), N'http://dummyimage.com/1346x1302.png/dddddd/000000', NULL, 134, 22)
GO
INSERT [dbo].[images] ([id], [title], [publish_date], [link], [deleted_at], [user_id], [album_id]) VALUES (336, N'Ornate Anzia Lichen', CAST(N'2021-06-09T00:00:00' AS SmallDateTime), N'http://dummyimage.com/1639x1400.png/cc0000/ffffff', NULL, 23, 38)
GO
INSERT [dbo].[images] ([id], [title], [publish_date], [link], [deleted_at], [user_id], [album_id]) VALUES (337, N'Hoary Basil', CAST(N'2021-02-21T00:00:00' AS SmallDateTime), N'http://dummyimage.com/1793x1804.png/ff4444/ffffff', NULL, 130, 55)
GO
INSERT [dbo].[images] ([id], [title], [publish_date], [link], [deleted_at], [user_id], [album_id]) VALUES (338, N'Gladiolus', CAST(N'2021-09-03T00:00:00' AS SmallDateTime), N'http://dummyimage.com/1729x1203.png/5fa2dd/ffffff', NULL, 76, 20)
GO
INSERT [dbo].[images] ([id], [title], [publish_date], [link], [deleted_at], [user_id], [album_id]) VALUES (339, N'Rockjasmine Monkeyflower', CAST(N'2021-09-13T00:00:00' AS SmallDateTime), N'http://dummyimage.com/1969x1087.png/5fa2dd/ffffff', NULL, 11, 20)
GO
INSERT [dbo].[images] ([id], [title], [publish_date], [link], [deleted_at], [user_id], [album_id]) VALUES (340, N'Wright''s Catkin Mistletoe', CAST(N'2022-05-12T00:00:00' AS SmallDateTime), N'http://dummyimage.com/1127x1021.png/dddddd/000000', NULL, 42, 68)
GO
INSERT [dbo].[images] ([id], [title], [publish_date], [link], [deleted_at], [user_id], [album_id]) VALUES (341, N'Clammy Groundcherry', CAST(N'2021-09-19T00:00:00' AS SmallDateTime), N'http://dummyimage.com/1097x1919.png/ff4444/ffffff', NULL, 77, 7)
GO
INSERT [dbo].[images] ([id], [title], [publish_date], [link], [deleted_at], [user_id], [album_id]) VALUES (342, N'Urban''s Holly', CAST(N'2021-12-14T00:00:00' AS SmallDateTime), N'http://dummyimage.com/1722x1312.png/cc0000/ffffff', NULL, 18, 67)
GO
INSERT [dbo].[images] ([id], [title], [publish_date], [link], [deleted_at], [user_id], [album_id]) VALUES (343, N'Indian Plum', CAST(N'2021-05-05T00:00:00' AS SmallDateTime), N'http://dummyimage.com/1486x1307.png/dddddd/000000', NULL, 138, 41)
GO
INSERT [dbo].[images] ([id], [title], [publish_date], [link], [deleted_at], [user_id], [album_id]) VALUES (344, N'Fire Pink', CAST(N'2022-04-30T00:00:00' AS SmallDateTime), N'http://dummyimage.com/1985x1791.png/dddddd/000000', NULL, 200, 58)
GO
INSERT [dbo].[images] ([id], [title], [publish_date], [link], [deleted_at], [user_id], [album_id]) VALUES (345, N'Early Jessamine', CAST(N'2021-04-13T00:00:00' AS SmallDateTime), N'http://dummyimage.com/1860x1077.png/5fa2dd/ffffff', NULL, 15, 21)
GO
INSERT [dbo].[images] ([id], [title], [publish_date], [link], [deleted_at], [user_id], [album_id]) VALUES (346, N'Golden Wattle', CAST(N'2021-10-21T00:00:00' AS SmallDateTime), N'http://dummyimage.com/1752x1597.png/5fa2dd/ffffff', NULL, 159, 22)
GO
INSERT [dbo].[images] ([id], [title], [publish_date], [link], [deleted_at], [user_id], [album_id]) VALUES (347, N'Southern Waternymph', CAST(N'2021-06-24T00:00:00' AS SmallDateTime), N'http://dummyimage.com/1941x1602.png/cc0000/ffffff', NULL, 171, 37)
GO
INSERT [dbo].[images] ([id], [title], [publish_date], [link], [deleted_at], [user_id], [album_id]) VALUES (348, N'Mountain Aster', CAST(N'2021-07-19T00:00:00' AS SmallDateTime), N'http://dummyimage.com/1656x1577.png/5fa2dd/ffffff', NULL, 146, 31)
GO
INSERT [dbo].[images] ([id], [title], [publish_date], [link], [deleted_at], [user_id], [album_id]) VALUES (349, N'Tatarian Cephalaria', CAST(N'2021-04-02T00:00:00' AS SmallDateTime), N'http://dummyimage.com/1028x1639.png/dddddd/000000', NULL, 185, 31)
GO
INSERT [dbo].[images] ([id], [title], [publish_date], [link], [deleted_at], [user_id], [album_id]) VALUES (350, N'Menzies'' Anacolia Moss', CAST(N'2021-12-17T00:00:00' AS SmallDateTime), N'http://dummyimage.com/1621x1296.png/dddddd/000000', NULL, 124, 69)
GO
INSERT [dbo].[images] ([id], [title], [publish_date], [link], [deleted_at], [user_id], [album_id]) VALUES (351, N'Royal Rein Orchid', CAST(N'2021-11-01T00:00:00' AS SmallDateTime), N'http://dummyimage.com/1266x1685.png/dddddd/000000', NULL, 35, 18)
GO
INSERT [dbo].[images] ([id], [title], [publish_date], [link], [deleted_at], [user_id], [album_id]) VALUES (352, N'Lesser Saltmarsh Sedge', CAST(N'2021-02-04T00:00:00' AS SmallDateTime), N'http://dummyimage.com/1401x1238.png/5fa2dd/ffffff', NULL, 134, 31)
GO
INSERT [dbo].[images] ([id], [title], [publish_date], [link], [deleted_at], [user_id], [album_id]) VALUES (353, N'Siberian Wormwood', CAST(N'2022-04-15T00:00:00' AS SmallDateTime), N'http://dummyimage.com/1118x1534.png/5fa2dd/ffffff', NULL, 11, 16)
GO
INSERT [dbo].[images] ([id], [title], [publish_date], [link], [deleted_at], [user_id], [album_id]) VALUES (354, N'Aquilon Prieto', CAST(N'2021-03-11T00:00:00' AS SmallDateTime), N'http://dummyimage.com/1195x1040.png/ff4444/ffffff', NULL, 66, 42)
GO
INSERT [dbo].[images] ([id], [title], [publish_date], [link], [deleted_at], [user_id], [album_id]) VALUES (355, N'Brazilian Satintail', CAST(N'2021-03-10T00:00:00' AS SmallDateTime), N'http://dummyimage.com/1287x1011.png/ff4444/ffffff', NULL, 67, 22)
GO
INSERT [dbo].[images] ([id], [title], [publish_date], [link], [deleted_at], [user_id], [album_id]) VALUES (356, N'Harbouria', CAST(N'2021-04-30T00:00:00' AS SmallDateTime), N'http://dummyimage.com/1920x1733.png/ff4444/ffffff', NULL, 14, 47)
GO
INSERT [dbo].[images] ([id], [title], [publish_date], [link], [deleted_at], [user_id], [album_id]) VALUES (357, N'Coville''s Bundleflower', CAST(N'2021-11-29T00:00:00' AS SmallDateTime), N'http://dummyimage.com/1473x1552.png/ff4444/ffffff', NULL, 56, 38)
GO
INSERT [dbo].[images] ([id], [title], [publish_date], [link], [deleted_at], [user_id], [album_id]) VALUES (358, N'Creeping Velvetgrass', CAST(N'2022-04-13T00:00:00' AS SmallDateTime), N'http://dummyimage.com/1496x1506.png/ff4444/ffffff', NULL, 168, 48)
GO
INSERT [dbo].[images] ([id], [title], [publish_date], [link], [deleted_at], [user_id], [album_id]) VALUES (359, N'Northern False Candytuft', CAST(N'2021-12-30T00:00:00' AS SmallDateTime), N'http://dummyimage.com/1582x1513.png/dddddd/000000', NULL, 22, 37)
GO
INSERT [dbo].[images] ([id], [title], [publish_date], [link], [deleted_at], [user_id], [album_id]) VALUES (360, N'Dwarf Goldenrod', CAST(N'2022-04-29T00:00:00' AS SmallDateTime), N'http://dummyimage.com/1459x1768.png/5fa2dd/ffffff', NULL, 42, 58)
GO
INSERT [dbo].[images] ([id], [title], [publish_date], [link], [deleted_at], [user_id], [album_id]) VALUES (361, N'Grasswort', CAST(N'2022-02-07T00:00:00' AS SmallDateTime), N'http://dummyimage.com/1610x1811.png/ff4444/ffffff', NULL, 108, 17)
GO
INSERT [dbo].[images] ([id], [title], [publish_date], [link], [deleted_at], [user_id], [album_id]) VALUES (362, N'Texas Grama', CAST(N'2021-05-18T00:00:00' AS SmallDateTime), N'http://dummyimage.com/1049x1887.png/5fa2dd/ffffff', NULL, 165, 21)
GO
INSERT [dbo].[images] ([id], [title], [publish_date], [link], [deleted_at], [user_id], [album_id]) VALUES (363, N'European Thimbleweed', CAST(N'2021-01-20T00:00:00' AS SmallDateTime), N'http://dummyimage.com/1609x1810.png/dddddd/000000', NULL, 63, 34)
GO
INSERT [dbo].[images] ([id], [title], [publish_date], [link], [deleted_at], [user_id], [album_id]) VALUES (364, N'Bird''s-eye Gilia', CAST(N'2022-04-25T00:00:00' AS SmallDateTime), N'http://dummyimage.com/1162x1528.png/ff4444/ffffff', NULL, 99, 10)
GO
INSERT [dbo].[images] ([id], [title], [publish_date], [link], [deleted_at], [user_id], [album_id]) VALUES (365, N'Fiddlewood', CAST(N'2022-01-23T00:00:00' AS SmallDateTime), N'http://dummyimage.com/2000x1448.png/dddddd/000000', NULL, 96, 64)
GO
INSERT [dbo].[images] ([id], [title], [publish_date], [link], [deleted_at], [user_id], [album_id]) VALUES (366, N'Myers'' Pincushionplant', CAST(N'2021-01-16T00:00:00' AS SmallDateTime), N'http://dummyimage.com/1931x1205.png/cc0000/ffffff', NULL, 196, 14)
GO
INSERT [dbo].[images] ([id], [title], [publish_date], [link], [deleted_at], [user_id], [album_id]) VALUES (367, N'Umbel Bittercress', CAST(N'2022-01-26T00:00:00' AS SmallDateTime), N'http://dummyimage.com/1209x1569.png/cc0000/ffffff', NULL, 11, 36)
GO
INSERT [dbo].[images] ([id], [title], [publish_date], [link], [deleted_at], [user_id], [album_id]) VALUES (368, N'Dwarf Morning-glory', CAST(N'2021-01-28T00:00:00' AS SmallDateTime), N'http://dummyimage.com/1075x1449.png/cc0000/ffffff', NULL, 48, 65)
GO
INSERT [dbo].[images] ([id], [title], [publish_date], [link], [deleted_at], [user_id], [album_id]) VALUES (369, N'Triangle Bur Ragweed', CAST(N'2021-03-25T00:00:00' AS SmallDateTime), N'http://dummyimage.com/1685x1978.png/5fa2dd/ffffff', CAST(N'2022-02-12T00:00:00' AS SmallDateTime), 6, 9)
GO
INSERT [dbo].[images] ([id], [title], [publish_date], [link], [deleted_at], [user_id], [album_id]) VALUES (370, N'Nodding Buckwheat', CAST(N'2022-05-07T00:00:00' AS SmallDateTime), N'http://dummyimage.com/1131x1811.png/ff4444/ffffff', NULL, 97, 39)
GO
INSERT [dbo].[images] ([id], [title], [publish_date], [link], [deleted_at], [user_id], [album_id]) VALUES (371, N'Western Yellowcress', CAST(N'2021-11-28T00:00:00' AS SmallDateTime), N'http://dummyimage.com/1054x1995.png/cc0000/ffffff', NULL, 4, 47)
GO
INSERT [dbo].[images] ([id], [title], [publish_date], [link], [deleted_at], [user_id], [album_id]) VALUES (372, N'Beaded Lipfern', CAST(N'2021-06-17T00:00:00' AS SmallDateTime), N'http://dummyimage.com/1460x1851.png/ff4444/ffffff', NULL, 129, 36)
GO
INSERT [dbo].[images] ([id], [title], [publish_date], [link], [deleted_at], [user_id], [album_id]) VALUES (373, N'''ekoko', CAST(N'2021-09-26T00:00:00' AS SmallDateTime), N'http://dummyimage.com/1107x1469.png/ff4444/ffffff', CAST(N'2021-05-22T00:00:00' AS SmallDateTime), 60, 50)
GO
INSERT [dbo].[images] ([id], [title], [publish_date], [link], [deleted_at], [user_id], [album_id]) VALUES (374, N'Mexican Weeping Pine', CAST(N'2021-12-26T00:00:00' AS SmallDateTime), N'http://dummyimage.com/1245x1051.png/ff4444/ffffff', NULL, 195, 14)
GO
INSERT [dbo].[images] ([id], [title], [publish_date], [link], [deleted_at], [user_id], [album_id]) VALUES (375, N'Rice', CAST(N'2021-02-25T00:00:00' AS SmallDateTime), N'http://dummyimage.com/1547x1645.png/ff4444/ffffff', NULL, 10, 32)
GO
INSERT [dbo].[images] ([id], [title], [publish_date], [link], [deleted_at], [user_id], [album_id]) VALUES (376, N'Hispid Mock Vervain', CAST(N'2021-06-15T00:00:00' AS SmallDateTime), N'http://dummyimage.com/1844x1397.png/5fa2dd/ffffff', NULL, 56, 4)
GO
INSERT [dbo].[images] ([id], [title], [publish_date], [link], [deleted_at], [user_id], [album_id]) VALUES (377, N'Limestone Bedstraw', CAST(N'2022-02-23T00:00:00' AS SmallDateTime), N'http://dummyimage.com/1833x1237.png/cc0000/ffffff', NULL, 172, 11)
GO
INSERT [dbo].[images] ([id], [title], [publish_date], [link], [deleted_at], [user_id], [album_id]) VALUES (378, N'Longbeak Buttercup', CAST(N'2021-10-18T00:00:00' AS SmallDateTime), N'http://dummyimage.com/1080x1845.png/ff4444/ffffff', NULL, 72, 4)
GO
INSERT [dbo].[images] ([id], [title], [publish_date], [link], [deleted_at], [user_id], [album_id]) VALUES (379, N'Paleleaf Woodland Sunflower', CAST(N'2021-08-18T00:00:00' AS SmallDateTime), N'http://dummyimage.com/1156x1207.png/cc0000/ffffff', NULL, 64, 44)
GO
INSERT [dbo].[images] ([id], [title], [publish_date], [link], [deleted_at], [user_id], [album_id]) VALUES (380, N'Heterocladium Moss', CAST(N'2021-03-11T00:00:00' AS SmallDateTime), N'http://dummyimage.com/1491x1935.png/dddddd/000000', NULL, 47, 59)
GO
INSERT [dbo].[images] ([id], [title], [publish_date], [link], [deleted_at], [user_id], [album_id]) VALUES (381, N'Goetzea', CAST(N'2022-01-11T00:00:00' AS SmallDateTime), N'http://dummyimage.com/1131x1591.png/cc0000/ffffff', NULL, 42, 25)
GO
INSERT [dbo].[images] ([id], [title], [publish_date], [link], [deleted_at], [user_id], [album_id]) VALUES (382, N'Hoary Bowlesia', CAST(N'2021-05-07T00:00:00' AS SmallDateTime), N'http://dummyimage.com/1841x1968.png/ff4444/ffffff', NULL, 78, 43)
GO
INSERT [dbo].[images] ([id], [title], [publish_date], [link], [deleted_at], [user_id], [album_id]) VALUES (383, N'Stinging Nettle', CAST(N'2021-02-17T00:00:00' AS SmallDateTime), N'http://dummyimage.com/1098x1598.png/cc0000/ffffff', NULL, 3, 51)
GO
INSERT [dbo].[images] ([id], [title], [publish_date], [link], [deleted_at], [user_id], [album_id]) VALUES (384, N'Chiricahua Mountain Larkspur', CAST(N'2021-01-23T00:00:00' AS SmallDateTime), N'http://dummyimage.com/1253x1193.png/5fa2dd/ffffff', NULL, 84, 11)
GO
INSERT [dbo].[images] ([id], [title], [publish_date], [link], [deleted_at], [user_id], [album_id]) VALUES (385, N'Perennial Cornflower', CAST(N'2021-02-14T00:00:00' AS SmallDateTime), N'http://dummyimage.com/1835x1814.png/ff4444/ffffff', NULL, 44, 8)
GO
INSERT [dbo].[images] ([id], [title], [publish_date], [link], [deleted_at], [user_id], [album_id]) VALUES (386, N'Tawny Pea', CAST(N'2022-05-05T00:00:00' AS SmallDateTime), N'http://dummyimage.com/1361x1087.png/5fa2dd/ffffff', NULL, 32, 40)
GO
INSERT [dbo].[images] ([id], [title], [publish_date], [link], [deleted_at], [user_id], [album_id]) VALUES (387, N'Twolobe Clarkia', CAST(N'2021-10-02T00:00:00' AS SmallDateTime), N'http://dummyimage.com/1055x1390.png/ff4444/ffffff', NULL, 181, 20)
GO
INSERT [dbo].[images] ([id], [title], [publish_date], [link], [deleted_at], [user_id], [album_id]) VALUES (388, N'Matted Lichen', CAST(N'2021-08-23T00:00:00' AS SmallDateTime), N'http://dummyimage.com/1128x1051.png/5fa2dd/ffffff', NULL, 19, 35)
GO
INSERT [dbo].[images] ([id], [title], [publish_date], [link], [deleted_at], [user_id], [album_id]) VALUES (389, N'Stenocybe Lichen', CAST(N'2021-08-15T00:00:00' AS SmallDateTime), N'http://dummyimage.com/1850x1459.png/dddddd/000000', CAST(N'2021-12-18T00:00:00' AS SmallDateTime), 90, 23)
GO
INSERT [dbo].[images] ([id], [title], [publish_date], [link], [deleted_at], [user_id], [album_id]) VALUES (390, N'Limnophila', CAST(N'2021-08-04T00:00:00' AS SmallDateTime), N'http://dummyimage.com/1593x1202.png/cc0000/ffffff', NULL, 72, 57)
GO
INSERT [dbo].[images] ([id], [title], [publish_date], [link], [deleted_at], [user_id], [album_id]) VALUES (391, N'Chamisso Bush Lupine', CAST(N'2021-06-23T00:00:00' AS SmallDateTime), N'http://dummyimage.com/1488x1070.png/ff4444/ffffff', NULL, 21, 38)
GO
INSERT [dbo].[images] ([id], [title], [publish_date], [link], [deleted_at], [user_id], [album_id]) VALUES (392, N'Bitterroot Milkvetch', CAST(N'2021-12-30T00:00:00' AS SmallDateTime), N'http://dummyimage.com/1652x1715.png/5fa2dd/ffffff', NULL, 71, 38)
GO
INSERT [dbo].[images] ([id], [title], [publish_date], [link], [deleted_at], [user_id], [album_id]) VALUES (393, N'Clifton''s Eremogone', CAST(N'2021-03-26T00:00:00' AS SmallDateTime), N'http://dummyimage.com/1523x1608.png/ff4444/ffffff', NULL, 200, 37)
GO
INSERT [dbo].[images] ([id], [title], [publish_date], [link], [deleted_at], [user_id], [album_id]) VALUES (394, N'Woolly Locoweed', CAST(N'2021-10-27T00:00:00' AS SmallDateTime), N'http://dummyimage.com/1048x1787.png/ff4444/ffffff', NULL, 122, 49)
GO
INSERT [dbo].[images] ([id], [title], [publish_date], [link], [deleted_at], [user_id], [album_id]) VALUES (395, N'Edible Thistle', CAST(N'2021-09-11T00:00:00' AS SmallDateTime), N'http://dummyimage.com/1792x1831.png/5fa2dd/ffffff', NULL, 66, 36)
GO
INSERT [dbo].[images] ([id], [title], [publish_date], [link], [deleted_at], [user_id], [album_id]) VALUES (396, N'Kirilow''s Indigo', CAST(N'2022-02-09T00:00:00' AS SmallDateTime), N'http://dummyimage.com/1414x1837.png/ff4444/ffffff', NULL, 186, 42)
GO
INSERT [dbo].[images] ([id], [title], [publish_date], [link], [deleted_at], [user_id], [album_id]) VALUES (397, N'Bahia Lovegrass', CAST(N'2021-10-26T00:00:00' AS SmallDateTime), N'http://dummyimage.com/1311x1534.png/ff4444/ffffff', NULL, 184, 6)
GO
INSERT [dbo].[images] ([id], [title], [publish_date], [link], [deleted_at], [user_id], [album_id]) VALUES (398, N'Long Knight''s-spur', CAST(N'2022-02-23T00:00:00' AS SmallDateTime), N'http://dummyimage.com/1672x1239.png/dddddd/000000', CAST(N'2021-12-09T00:00:00' AS SmallDateTime), 196, 60)
GO
INSERT [dbo].[images] ([id], [title], [publish_date], [link], [deleted_at], [user_id], [album_id]) VALUES (399, N'Manyflower Sandmallow', CAST(N'2021-11-02T00:00:00' AS SmallDateTime), N'http://dummyimage.com/1050x1970.png/ff4444/ffffff', NULL, 89, 66)
GO
INSERT [dbo].[images] ([id], [title], [publish_date], [link], [deleted_at], [user_id], [album_id]) VALUES (400, N'Hooker''s Silene', CAST(N'2021-12-08T00:00:00' AS SmallDateTime), N'http://dummyimage.com/1049x1099.png/5fa2dd/ffffff', NULL, 17, 30)
GO
INSERT [dbo].[images] ([id], [title], [publish_date], [link], [deleted_at], [user_id], [album_id]) VALUES (401, N'Ivy Gourd', CAST(N'2021-05-18T00:00:00' AS SmallDateTime), N'http://dummyimage.com/1452x1051.png/5fa2dd/ffffff', NULL, 44, 69)
GO
INSERT [dbo].[images] ([id], [title], [publish_date], [link], [deleted_at], [user_id], [album_id]) VALUES (402, N'Broadleaf Speedwell', CAST(N'2022-03-07T00:00:00' AS SmallDateTime), N'http://dummyimage.com/1022x1755.png/dddddd/000000', NULL, 33, 57)
GO
INSERT [dbo].[images] ([id], [title], [publish_date], [link], [deleted_at], [user_id], [album_id]) VALUES (403, N'Idaho Gooseberry', CAST(N'2022-01-28T00:00:00' AS SmallDateTime), N'http://dummyimage.com/1530x1591.png/cc0000/ffffff', NULL, 120, 10)
GO
INSERT [dbo].[images] ([id], [title], [publish_date], [link], [deleted_at], [user_id], [album_id]) VALUES (404, N'Veatch''s Blazingstar', CAST(N'2022-02-26T00:00:00' AS SmallDateTime), N'http://dummyimage.com/1187x1566.png/ff4444/ffffff', NULL, 8, 63)
GO
INSERT [dbo].[images] ([id], [title], [publish_date], [link], [deleted_at], [user_id], [album_id]) VALUES (405, N'White Thoroughwort', CAST(N'2021-01-25T00:00:00' AS SmallDateTime), N'http://dummyimage.com/1594x1052.png/dddddd/000000', NULL, 41, 63)
GO
INSERT [dbo].[images] ([id], [title], [publish_date], [link], [deleted_at], [user_id], [album_id]) VALUES (406, N'Wreath Lichen', CAST(N'2021-06-15T00:00:00' AS SmallDateTime), N'http://dummyimage.com/1780x1257.png/cc0000/ffffff', NULL, 90, 60)
GO
INSERT [dbo].[images] ([id], [title], [publish_date], [link], [deleted_at], [user_id], [album_id]) VALUES (407, N'Field Sowthistle', CAST(N'2022-02-26T00:00:00' AS SmallDateTime), N'http://dummyimage.com/1176x1717.png/5fa2dd/ffffff', NULL, 35, 19)
GO
INSERT [dbo].[images] ([id], [title], [publish_date], [link], [deleted_at], [user_id], [album_id]) VALUES (408, N'Silvery Sedge', CAST(N'2021-06-10T00:00:00' AS SmallDateTime), N'http://dummyimage.com/1073x1709.png/5fa2dd/ffffff', NULL, 4, 46)
GO
INSERT [dbo].[images] ([id], [title], [publish_date], [link], [deleted_at], [user_id], [album_id]) VALUES (409, N'Mt. Albert Goldenrod', CAST(N'2021-12-30T00:00:00' AS SmallDateTime), N'http://dummyimage.com/1257x1475.png/5fa2dd/ffffff', NULL, 167, 68)
GO
INSERT [dbo].[images] ([id], [title], [publish_date], [link], [deleted_at], [user_id], [album_id]) VALUES (410, N'Buckwheat', CAST(N'2021-08-26T00:00:00' AS SmallDateTime), N'http://dummyimage.com/1203x1166.png/5fa2dd/ffffff', NULL, 163, 17)
GO
INSERT [dbo].[images] ([id], [title], [publish_date], [link], [deleted_at], [user_id], [album_id]) VALUES (411, N'Sedge', CAST(N'2021-03-23T00:00:00' AS SmallDateTime), N'http://dummyimage.com/1168x1066.png/dddddd/000000', NULL, 35, 26)
GO
INSERT [dbo].[images] ([id], [title], [publish_date], [link], [deleted_at], [user_id], [album_id]) VALUES (412, N'Nanking Cherry', CAST(N'2021-10-05T00:00:00' AS SmallDateTime), N'http://dummyimage.com/1570x1026.png/dddddd/000000', CAST(N'2021-01-17T00:00:00' AS SmallDateTime), 131, 32)
GO
INSERT [dbo].[images] ([id], [title], [publish_date], [link], [deleted_at], [user_id], [album_id]) VALUES (413, N'Cooper''s Rubberweed', CAST(N'2021-10-16T00:00:00' AS SmallDateTime), N'http://dummyimage.com/1503x1095.png/cc0000/ffffff', NULL, 129, 52)
GO
INSERT [dbo].[images] ([id], [title], [publish_date], [link], [deleted_at], [user_id], [album_id]) VALUES (414, N'Sticky Monkeyflower', CAST(N'2021-06-02T00:00:00' AS SmallDateTime), N'http://dummyimage.com/1164x1783.png/dddddd/000000', NULL, 120, 28)
GO
INSERT [dbo].[images] ([id], [title], [publish_date], [link], [deleted_at], [user_id], [album_id]) VALUES (415, N'Cutleaf False Oxtongue', CAST(N'2021-04-19T00:00:00' AS SmallDateTime), N'http://dummyimage.com/1795x1145.png/5fa2dd/ffffff', NULL, 90, 15)
GO
INSERT [dbo].[images] ([id], [title], [publish_date], [link], [deleted_at], [user_id], [album_id]) VALUES (416, N'San Bartolome', CAST(N'2021-10-22T00:00:00' AS SmallDateTime), N'http://dummyimage.com/1087x1403.png/dddddd/000000', CAST(N'2021-11-13T00:00:00' AS SmallDateTime), 129, 13)
GO
INSERT [dbo].[images] ([id], [title], [publish_date], [link], [deleted_at], [user_id], [album_id]) VALUES (417, N'Tube Lichen', CAST(N'2021-06-01T00:00:00' AS SmallDateTime), N'http://dummyimage.com/1309x1813.png/cc0000/ffffff', NULL, 68, 56)
GO
INSERT [dbo].[images] ([id], [title], [publish_date], [link], [deleted_at], [user_id], [album_id]) VALUES (418, N'Ballhead Ipomopsis', CAST(N'2021-01-08T00:00:00' AS SmallDateTime), N'http://dummyimage.com/1227x1336.png/5fa2dd/ffffff', NULL, 108, 10)
GO
INSERT [dbo].[images] ([id], [title], [publish_date], [link], [deleted_at], [user_id], [album_id]) VALUES (419, N'Fewflower Draba', CAST(N'2022-04-04T00:00:00' AS SmallDateTime), N'http://dummyimage.com/1681x1207.png/dddddd/000000', NULL, 55, 54)
GO
INSERT [dbo].[images] ([id], [title], [publish_date], [link], [deleted_at], [user_id], [album_id]) VALUES (420, N'Red Floripontio', CAST(N'2022-01-05T00:00:00' AS SmallDateTime), N'http://dummyimage.com/1406x1601.png/5fa2dd/ffffff', NULL, 98, 33)
GO
INSERT [dbo].[images] ([id], [title], [publish_date], [link], [deleted_at], [user_id], [album_id]) VALUES (421, N'Tomentose Snow Lichen', CAST(N'2021-12-24T00:00:00' AS SmallDateTime), N'http://dummyimage.com/1335x1824.png/ff4444/ffffff', NULL, 103, 16)
GO
INSERT [dbo].[images] ([id], [title], [publish_date], [link], [deleted_at], [user_id], [album_id]) VALUES (422, N'Earleaf Fanpetals', CAST(N'2021-10-20T00:00:00' AS SmallDateTime), N'http://dummyimage.com/1451x1272.png/cc0000/ffffff', NULL, 174, 61)
GO
INSERT [dbo].[images] ([id], [title], [publish_date], [link], [deleted_at], [user_id], [album_id]) VALUES (423, N'Hairy False Goldenaster', CAST(N'2021-07-07T00:00:00' AS SmallDateTime), N'http://dummyimage.com/1474x1050.png/cc0000/ffffff', NULL, 193, 46)
GO
INSERT [dbo].[images] ([id], [title], [publish_date], [link], [deleted_at], [user_id], [album_id]) VALUES (424, N'Hooker Bugseed', CAST(N'2021-12-20T00:00:00' AS SmallDateTime), N'http://dummyimage.com/1217x1082.png/5fa2dd/ffffff', NULL, 87, 70)
GO
INSERT [dbo].[images] ([id], [title], [publish_date], [link], [deleted_at], [user_id], [album_id]) VALUES (425, N'Indian Jointvetch', CAST(N'2022-01-19T00:00:00' AS SmallDateTime), N'http://dummyimage.com/1360x1584.png/cc0000/ffffff', NULL, 82, 24)
GO
INSERT [dbo].[images] ([id], [title], [publish_date], [link], [deleted_at], [user_id], [album_id]) VALUES (426, N'Tree Crabseye Lichen', CAST(N'2022-01-11T00:00:00' AS SmallDateTime), N'http://dummyimage.com/1739x1104.png/ff4444/ffffff', NULL, 54, 54)
GO
INSERT [dbo].[images] ([id], [title], [publish_date], [link], [deleted_at], [user_id], [album_id]) VALUES (427, N'Manyawn Pricklyleaf', CAST(N'2022-04-28T00:00:00' AS SmallDateTime), N'http://dummyimage.com/1391x1068.png/cc0000/ffffff', NULL, 84, 25)
GO
INSERT [dbo].[images] ([id], [title], [publish_date], [link], [deleted_at], [user_id], [album_id]) VALUES (428, N'Alpine Poppy', CAST(N'2021-12-05T00:00:00' AS SmallDateTime), N'http://dummyimage.com/1110x1179.png/dddddd/000000', CAST(N'2021-05-27T00:00:00' AS SmallDateTime), 22, 51)
GO
INSERT [dbo].[images] ([id], [title], [publish_date], [link], [deleted_at], [user_id], [album_id]) VALUES (429, N'Roughhair Rosette Grass', CAST(N'2021-09-10T00:00:00' AS SmallDateTime), N'http://dummyimage.com/1223x1415.png/ff4444/ffffff', NULL, 115, 68)
GO
INSERT [dbo].[images] ([id], [title], [publish_date], [link], [deleted_at], [user_id], [album_id]) VALUES (430, N'Acaulon Moss', CAST(N'2021-05-15T00:00:00' AS SmallDateTime), N'http://dummyimage.com/1191x1245.png/cc0000/ffffff', NULL, 53, 6)
GO
INSERT [dbo].[images] ([id], [title], [publish_date], [link], [deleted_at], [user_id], [album_id]) VALUES (431, N'Purplestem Aster', CAST(N'2022-05-03T00:00:00' AS SmallDateTime), N'http://dummyimage.com/1438x1623.png/dddddd/000000', NULL, 155, 3)
GO
INSERT [dbo].[images] ([id], [title], [publish_date], [link], [deleted_at], [user_id], [album_id]) VALUES (432, N'Deergrass', CAST(N'2021-11-10T00:00:00' AS SmallDateTime), N'http://dummyimage.com/1096x1630.png/5fa2dd/ffffff', NULL, 89, 40)
GO
INSERT [dbo].[images] ([id], [title], [publish_date], [link], [deleted_at], [user_id], [album_id]) VALUES (433, N'Brown''s Waterleaf', CAST(N'2021-01-12T00:00:00' AS SmallDateTime), N'http://dummyimage.com/1278x1038.png/5fa2dd/ffffff', NULL, 158, 21)
GO
INSERT [dbo].[images] ([id], [title], [publish_date], [link], [deleted_at], [user_id], [album_id]) VALUES (434, N'Smooth Northern-rockcress', CAST(N'2021-08-25T00:00:00' AS SmallDateTime), N'http://dummyimage.com/1965x1158.png/cc0000/ffffff', CAST(N'2021-02-24T00:00:00' AS SmallDateTime), 160, 30)
GO
INSERT [dbo].[images] ([id], [title], [publish_date], [link], [deleted_at], [user_id], [album_id]) VALUES (435, N'Arctoparmelia Lichen', CAST(N'2021-05-01T00:00:00' AS SmallDateTime), N'http://dummyimage.com/1738x1425.png/cc0000/ffffff', CAST(N'2022-05-16T00:00:00' AS SmallDateTime), 156, 56)
GO
INSERT [dbo].[images] ([id], [title], [publish_date], [link], [deleted_at], [user_id], [album_id]) VALUES (436, N'Acid-loving Sedge', CAST(N'2021-09-17T00:00:00' AS SmallDateTime), N'http://dummyimage.com/1758x1873.png/cc0000/ffffff', NULL, 114, 42)
GO
INSERT [dbo].[images] ([id], [title], [publish_date], [link], [deleted_at], [user_id], [album_id]) VALUES (437, N'Hornpod', CAST(N'2022-01-07T00:00:00' AS SmallDateTime), N'http://dummyimage.com/1118x1306.png/ff4444/ffffff', NULL, 32, 36)
GO
INSERT [dbo].[images] ([id], [title], [publish_date], [link], [deleted_at], [user_id], [album_id]) VALUES (438, N'Tree Limonium', CAST(N'2021-06-06T00:00:00' AS SmallDateTime), N'http://dummyimage.com/1139x1560.png/cc0000/ffffff', NULL, 85, 35)
GO
INSERT [dbo].[images] ([id], [title], [publish_date], [link], [deleted_at], [user_id], [album_id]) VALUES (439, N'Lucy Braun''s Snakeroot', CAST(N'2022-02-22T00:00:00' AS SmallDateTime), N'http://dummyimage.com/1601x1441.png/dddddd/000000', NULL, 179, 37)
GO
INSERT [dbo].[images] ([id], [title], [publish_date], [link], [deleted_at], [user_id], [album_id]) VALUES (440, N'Sarcogyne Lichen', CAST(N'2021-03-22T00:00:00' AS SmallDateTime), N'http://dummyimage.com/1933x1290.png/5fa2dd/ffffff', NULL, 136, 20)
GO
INSERT [dbo].[images] ([id], [title], [publish_date], [link], [deleted_at], [user_id], [album_id]) VALUES (441, N'Orange Lichen', CAST(N'2021-02-23T00:00:00' AS SmallDateTime), N'http://dummyimage.com/1277x1917.png/cc0000/ffffff', NULL, 31, 67)
GO
INSERT [dbo].[images] ([id], [title], [publish_date], [link], [deleted_at], [user_id], [album_id]) VALUES (442, N'Slender Buckwheat', CAST(N'2022-05-13T00:00:00' AS SmallDateTime), N'http://dummyimage.com/1939x1427.png/dddddd/000000', NULL, 76, 17)
GO
INSERT [dbo].[images] ([id], [title], [publish_date], [link], [deleted_at], [user_id], [album_id]) VALUES (443, N'Map Lichen', CAST(N'2021-03-18T00:00:00' AS SmallDateTime), N'http://dummyimage.com/1627x1904.png/5fa2dd/ffffff', NULL, 142, 22)
GO
INSERT [dbo].[images] ([id], [title], [publish_date], [link], [deleted_at], [user_id], [album_id]) VALUES (444, N'Clustered Hawthorn', CAST(N'2022-04-27T00:00:00' AS SmallDateTime), N'http://dummyimage.com/1411x1574.png/dddddd/000000', NULL, 171, 41)
GO
INSERT [dbo].[images] ([id], [title], [publish_date], [link], [deleted_at], [user_id], [album_id]) VALUES (445, N'Appalachian Gooseberry', CAST(N'2021-09-23T00:00:00' AS SmallDateTime), N'http://dummyimage.com/1914x1730.png/cc0000/ffffff', NULL, 87, 67)
GO
INSERT [dbo].[images] ([id], [title], [publish_date], [link], [deleted_at], [user_id], [album_id]) VALUES (446, N'Spotted Beebalm', CAST(N'2021-04-13T00:00:00' AS SmallDateTime), N'http://dummyimage.com/1440x1727.png/5fa2dd/ffffff', NULL, 196, 32)
GO
INSERT [dbo].[images] ([id], [title], [publish_date], [link], [deleted_at], [user_id], [album_id]) VALUES (447, N'Fewflower Meadow-rue', CAST(N'2021-06-17T00:00:00' AS SmallDateTime), N'http://dummyimage.com/1727x1866.png/cc0000/ffffff', NULL, 100, 43)
GO
INSERT [dbo].[images] ([id], [title], [publish_date], [link], [deleted_at], [user_id], [album_id]) VALUES (448, N'Fabronia Moss', CAST(N'2021-10-08T00:00:00' AS SmallDateTime), N'http://dummyimage.com/1114x1895.png/cc0000/ffffff', NULL, 123, 14)
GO
INSERT [dbo].[images] ([id], [title], [publish_date], [link], [deleted_at], [user_id], [album_id]) VALUES (449, N'Soredia Cartilage Lichen', CAST(N'2022-05-15T00:00:00' AS SmallDateTime), N'http://dummyimage.com/1536x1369.png/cc0000/ffffff', NULL, 3, 54)
GO
INSERT [dbo].[images] ([id], [title], [publish_date], [link], [deleted_at], [user_id], [album_id]) VALUES (450, N'Shaggystem Cyrtandra', CAST(N'2021-08-10T00:00:00' AS SmallDateTime), N'http://dummyimage.com/1636x1019.png/5fa2dd/ffffff', CAST(N'2021-10-07T00:00:00' AS SmallDateTime), 69, 25)
GO
INSERT [dbo].[images] ([id], [title], [publish_date], [link], [deleted_at], [user_id], [album_id]) VALUES (451, N'Simpler Hollyfern', CAST(N'2022-01-04T00:00:00' AS SmallDateTime), N'http://dummyimage.com/1307x1101.png/dddddd/000000', NULL, 46, 22)
GO
INSERT [dbo].[images] ([id], [title], [publish_date], [link], [deleted_at], [user_id], [album_id]) VALUES (452, N'Mauna Kea Phyllostegia', CAST(N'2021-01-15T00:00:00' AS SmallDateTime), N'http://dummyimage.com/1214x1908.png/dddddd/000000', NULL, 169, 9)
GO
INSERT [dbo].[images] ([id], [title], [publish_date], [link], [deleted_at], [user_id], [album_id]) VALUES (453, N'Berlandier''s Nettlespurge', CAST(N'2021-09-29T00:00:00' AS SmallDateTime), N'http://dummyimage.com/1597x1548.png/cc0000/ffffff', NULL, 70, 4)
GO
INSERT [dbo].[images] ([id], [title], [publish_date], [link], [deleted_at], [user_id], [album_id]) VALUES (454, N'Reclusive Lady''s Tresses', CAST(N'2021-10-21T00:00:00' AS SmallDateTime), N'http://dummyimage.com/1692x1489.png/cc0000/ffffff', NULL, 199, 6)
GO
INSERT [dbo].[images] ([id], [title], [publish_date], [link], [deleted_at], [user_id], [album_id]) VALUES (455, N'Wideflower Phlox', CAST(N'2021-05-10T00:00:00' AS SmallDateTime), N'http://dummyimage.com/1507x1434.png/dddddd/000000', NULL, 165, 50)
GO
INSERT [dbo].[images] ([id], [title], [publish_date], [link], [deleted_at], [user_id], [album_id]) VALUES (456, N'Fineleaf Waterdropwort', CAST(N'2022-03-11T00:00:00' AS SmallDateTime), N'http://dummyimage.com/1290x1661.png/ff4444/ffffff', NULL, 80, 20)
GO
INSERT [dbo].[images] ([id], [title], [publish_date], [link], [deleted_at], [user_id], [album_id]) VALUES (457, N'Varigated Yellow Pond-lily', CAST(N'2022-04-05T00:00:00' AS SmallDateTime), N'http://dummyimage.com/1790x1934.png/ff4444/ffffff', NULL, 9, 14)
GO
INSERT [dbo].[images] ([id], [title], [publish_date], [link], [deleted_at], [user_id], [album_id]) VALUES (458, N'Hawai''i Bog Violet', CAST(N'2021-03-22T00:00:00' AS SmallDateTime), N'http://dummyimage.com/1466x1681.png/ff4444/ffffff', NULL, 67, 30)
GO
INSERT [dbo].[images] ([id], [title], [publish_date], [link], [deleted_at], [user_id], [album_id]) VALUES (459, N'Suksdorf''s Brome', CAST(N'2021-01-18T00:00:00' AS SmallDateTime), N'http://dummyimage.com/1621x1318.png/cc0000/ffffff', NULL, 183, 61)
GO
INSERT [dbo].[images] ([id], [title], [publish_date], [link], [deleted_at], [user_id], [album_id]) VALUES (460, N'Big Pine Biscuitroot', CAST(N'2021-11-21T00:00:00' AS SmallDateTime), N'http://dummyimage.com/1345x1439.png/ff4444/ffffff', NULL, 100, 29)
GO
INSERT [dbo].[images] ([id], [title], [publish_date], [link], [deleted_at], [user_id], [album_id]) VALUES (461, N'Oklahoma Saxifrage', CAST(N'2021-11-17T00:00:00' AS SmallDateTime), N'http://dummyimage.com/1336x1212.png/dddddd/000000', NULL, 197, 48)
GO
INSERT [dbo].[images] ([id], [title], [publish_date], [link], [deleted_at], [user_id], [album_id]) VALUES (462, N'Common Frogbit', CAST(N'2021-02-21T00:00:00' AS SmallDateTime), N'http://dummyimage.com/1373x1719.png/5fa2dd/ffffff', NULL, 118, 55)
GO
INSERT [dbo].[images] ([id], [title], [publish_date], [link], [deleted_at], [user_id], [album_id]) VALUES (463, N'Pygmyflower Rockjasmine', CAST(N'2021-03-11T00:00:00' AS SmallDateTime), N'http://dummyimage.com/1314x1035.png/cc0000/ffffff', NULL, 192, 36)
GO
INSERT [dbo].[images] ([id], [title], [publish_date], [link], [deleted_at], [user_id], [album_id]) VALUES (464, N'Daisy Desertstar', CAST(N'2021-12-24T00:00:00' AS SmallDateTime), N'http://dummyimage.com/1134x1130.png/dddddd/000000', NULL, 68, 26)
GO
INSERT [dbo].[images] ([id], [title], [publish_date], [link], [deleted_at], [user_id], [album_id]) VALUES (465, N'Lilacbell', CAST(N'2022-01-14T00:00:00' AS SmallDateTime), N'http://dummyimage.com/1678x1411.png/cc0000/ffffff', NULL, 104, 70)
GO
INSERT [dbo].[images] ([id], [title], [publish_date], [link], [deleted_at], [user_id], [album_id]) VALUES (466, N'Roadside False Madwort', CAST(N'2021-07-19T00:00:00' AS SmallDateTime), N'http://dummyimage.com/1772x1334.png/5fa2dd/ffffff', NULL, 55, 53)
GO
INSERT [dbo].[images] ([id], [title], [publish_date], [link], [deleted_at], [user_id], [album_id]) VALUES (467, N'Volcan''s Fuchsia', CAST(N'2021-04-12T00:00:00' AS SmallDateTime), N'http://dummyimage.com/1535x1799.png/cc0000/ffffff', NULL, 174, 31)
GO
INSERT [dbo].[images] ([id], [title], [publish_date], [link], [deleted_at], [user_id], [album_id]) VALUES (468, N'Ballhead Ragwort', CAST(N'2021-02-21T00:00:00' AS SmallDateTime), N'http://dummyimage.com/1526x1859.png/cc0000/ffffff', NULL, 66, 40)
GO
INSERT [dbo].[images] ([id], [title], [publish_date], [link], [deleted_at], [user_id], [album_id]) VALUES (469, N'Luquillo Mountain Hempvine', CAST(N'2021-04-15T00:00:00' AS SmallDateTime), N'http://dummyimage.com/1384x1128.png/cc0000/ffffff', NULL, 188, 61)
GO
INSERT [dbo].[images] ([id], [title], [publish_date], [link], [deleted_at], [user_id], [album_id]) VALUES (470, N'Navajo Pincushion Cactus', CAST(N'2021-04-21T00:00:00' AS SmallDateTime), N'http://dummyimage.com/1371x1703.png/5fa2dd/ffffff', NULL, 100, 58)
GO
INSERT [dbo].[images] ([id], [title], [publish_date], [link], [deleted_at], [user_id], [album_id]) VALUES (471, N'Islandthicket Threeawn', CAST(N'2021-11-25T00:00:00' AS SmallDateTime), N'http://dummyimage.com/1492x1960.png/ff4444/ffffff', NULL, 197, 19)
GO
INSERT [dbo].[images] ([id], [title], [publish_date], [link], [deleted_at], [user_id], [album_id]) VALUES (472, N'Nevada Gilia', CAST(N'2021-12-31T00:00:00' AS SmallDateTime), N'http://dummyimage.com/1095x1657.png/cc0000/ffffff', NULL, 57, 16)
GO
INSERT [dbo].[images] ([id], [title], [publish_date], [link], [deleted_at], [user_id], [album_id]) VALUES (473, N'San Felipe Dogweed', CAST(N'2022-02-21T00:00:00' AS SmallDateTime), N'http://dummyimage.com/1438x1174.png/cc0000/ffffff', NULL, 64, 30)
GO
INSERT [dbo].[images] ([id], [title], [publish_date], [link], [deleted_at], [user_id], [album_id]) VALUES (474, N'Polysporina Lichen', CAST(N'2022-03-04T00:00:00' AS SmallDateTime), N'http://dummyimage.com/1092x1124.png/dddddd/000000', NULL, 115, 18)
GO
INSERT [dbo].[images] ([id], [title], [publish_date], [link], [deleted_at], [user_id], [album_id]) VALUES (475, N'Intermediate Mermaidweed', CAST(N'2021-03-05T00:00:00' AS SmallDateTime), N'http://dummyimage.com/1683x1367.png/5fa2dd/ffffff', NULL, 174, 9)
GO
INSERT [dbo].[images] ([id], [title], [publish_date], [link], [deleted_at], [user_id], [album_id]) VALUES (476, N'Struchium', CAST(N'2022-02-01T00:00:00' AS SmallDateTime), N'http://dummyimage.com/1185x1564.png/ff4444/ffffff', NULL, 26, 13)
GO
INSERT [dbo].[images] ([id], [title], [publish_date], [link], [deleted_at], [user_id], [album_id]) VALUES (477, N'Annual Honesty', CAST(N'2021-01-19T00:00:00' AS SmallDateTime), N'http://dummyimage.com/1556x1259.png/dddddd/000000', NULL, 198, 36)
GO
INSERT [dbo].[images] ([id], [title], [publish_date], [link], [deleted_at], [user_id], [album_id]) VALUES (478, N'Hawksbeard', CAST(N'2022-03-24T00:00:00' AS SmallDateTime), N'http://dummyimage.com/1788x1004.png/cc0000/ffffff', NULL, 188, 44)
GO
INSERT [dbo].[images] ([id], [title], [publish_date], [link], [deleted_at], [user_id], [album_id]) VALUES (479, N'Limpleaf Spikemoss', CAST(N'2021-07-22T00:00:00' AS SmallDateTime), N'http://dummyimage.com/1537x1289.png/5fa2dd/ffffff', NULL, 184, 14)
GO
INSERT [dbo].[images] ([id], [title], [publish_date], [link], [deleted_at], [user_id], [album_id]) VALUES (480, N'Wart Lichen', CAST(N'2021-12-13T00:00:00' AS SmallDateTime), N'http://dummyimage.com/1407x1533.png/cc0000/ffffff', NULL, 138, 41)
GO
INSERT [dbo].[images] ([id], [title], [publish_date], [link], [deleted_at], [user_id], [album_id]) VALUES (481, N'Ashe''s Calamint', CAST(N'2021-09-14T00:00:00' AS SmallDateTime), N'http://dummyimage.com/1047x1154.png/dddddd/000000', NULL, 51, 14)
GO
INSERT [dbo].[images] ([id], [title], [publish_date], [link], [deleted_at], [user_id], [album_id]) VALUES (482, N'Noel''s Owl''s-clover', CAST(N'2021-01-02T00:00:00' AS SmallDateTime), N'http://dummyimage.com/1783x1115.png/5fa2dd/ffffff', NULL, 118, 12)
GO
INSERT [dbo].[images] ([id], [title], [publish_date], [link], [deleted_at], [user_id], [album_id]) VALUES (483, N'Strigula Lichen', CAST(N'2021-12-05T00:00:00' AS SmallDateTime), N'http://dummyimage.com/1638x1618.png/cc0000/ffffff', NULL, 48, 11)
GO
INSERT [dbo].[images] ([id], [title], [publish_date], [link], [deleted_at], [user_id], [album_id]) VALUES (484, N'Nail Lichen', CAST(N'2021-10-07T00:00:00' AS SmallDateTime), N'http://dummyimage.com/1399x1924.png/5fa2dd/ffffff', NULL, 115, 9)
GO
INSERT [dbo].[images] ([id], [title], [publish_date], [link], [deleted_at], [user_id], [album_id]) VALUES (485, N'Lesson''s Cyrtandra', CAST(N'2021-01-22T00:00:00' AS SmallDateTime), N'http://dummyimage.com/1560x1206.png/ff4444/ffffff', NULL, 15, 31)
GO
INSERT [dbo].[images] ([id], [title], [publish_date], [link], [deleted_at], [user_id], [album_id]) VALUES (486, N'Coccinia', CAST(N'2021-08-10T00:00:00' AS SmallDateTime), N'http://dummyimage.com/1120x1575.png/5fa2dd/ffffff', NULL, 112, 22)
GO
INSERT [dbo].[images] ([id], [title], [publish_date], [link], [deleted_at], [user_id], [album_id]) VALUES (487, N'Twoflower Melicgrass', CAST(N'2021-04-26T00:00:00' AS SmallDateTime), N'http://dummyimage.com/1654x1030.png/dddddd/000000', NULL, 43, 5)
GO
INSERT [dbo].[images] ([id], [title], [publish_date], [link], [deleted_at], [user_id], [album_id]) VALUES (488, N'Helleborine', CAST(N'2021-09-10T00:00:00' AS SmallDateTime), N'http://dummyimage.com/1148x1731.png/5fa2dd/ffffff', NULL, 24, 22)
GO
INSERT [dbo].[images] ([id], [title], [publish_date], [link], [deleted_at], [user_id], [album_id]) VALUES (489, N'Southern Sierra Phacelia', CAST(N'2021-07-03T00:00:00' AS SmallDateTime), N'http://dummyimage.com/1555x1055.png/5fa2dd/ffffff', NULL, 134, 19)
GO
INSERT [dbo].[images] ([id], [title], [publish_date], [link], [deleted_at], [user_id], [album_id]) VALUES (490, N'Smoothleaf Beardtongue', CAST(N'2021-09-13T00:00:00' AS SmallDateTime), N'http://dummyimage.com/1080x1994.png/cc0000/ffffff', NULL, 60, 37)
GO
INSERT [dbo].[images] ([id], [title], [publish_date], [link], [deleted_at], [user_id], [album_id]) VALUES (491, N'Pitcherplant', CAST(N'2022-02-04T00:00:00' AS SmallDateTime), N'http://dummyimage.com/1219x1285.png/dddddd/000000', NULL, 26, 49)
GO
INSERT [dbo].[images] ([id], [title], [publish_date], [link], [deleted_at], [user_id], [album_id]) VALUES (492, N'Madagascar Widow''s-thrill', CAST(N'2022-02-28T00:00:00' AS SmallDateTime), N'http://dummyimage.com/1606x1949.png/ff4444/ffffff', NULL, 28, 51)
GO
INSERT [dbo].[images] ([id], [title], [publish_date], [link], [deleted_at], [user_id], [album_id]) VALUES (493, N'Sweet Coneflower', CAST(N'2021-03-26T00:00:00' AS SmallDateTime), N'http://dummyimage.com/1688x1725.png/5fa2dd/ffffff', CAST(N'2021-10-11T00:00:00' AS SmallDateTime), 144, 16)
GO
INSERT [dbo].[images] ([id], [title], [publish_date], [link], [deleted_at], [user_id], [album_id]) VALUES (494, N'Capeweed', CAST(N'2021-04-04T00:00:00' AS SmallDateTime), N'http://dummyimage.com/1547x1531.png/5fa2dd/ffffff', CAST(N'2021-07-23T00:00:00' AS SmallDateTime), 149, 67)
GO
INSERT [dbo].[images] ([id], [title], [publish_date], [link], [deleted_at], [user_id], [album_id]) VALUES (495, N'Yellow Paloverde', CAST(N'2021-10-25T00:00:00' AS SmallDateTime), N'http://dummyimage.com/1860x1582.png/ff4444/ffffff', NULL, 88, 69)
GO
INSERT [dbo].[images] ([id], [title], [publish_date], [link], [deleted_at], [user_id], [album_id]) VALUES (496, N'Spearleaf Buckwheat', CAST(N'2021-03-02T00:00:00' AS SmallDateTime), N'http://dummyimage.com/1001x1876.png/5fa2dd/ffffff', NULL, 113, 46)
GO
INSERT [dbo].[images] ([id], [title], [publish_date], [link], [deleted_at], [user_id], [album_id]) VALUES (497, N'Yellow Sarson', CAST(N'2022-02-07T00:00:00' AS SmallDateTime), N'http://dummyimage.com/1166x1388.png/ff4444/ffffff', NULL, 33, 39)
GO
INSERT [dbo].[images] ([id], [title], [publish_date], [link], [deleted_at], [user_id], [album_id]) VALUES (498, N'Marble Canyon Winged Rockcress', CAST(N'2021-11-25T00:00:00' AS SmallDateTime), N'http://dummyimage.com/1328x1701.png/dddddd/000000', NULL, 172, 16)
GO
INSERT [dbo].[images] ([id], [title], [publish_date], [link], [deleted_at], [user_id], [album_id]) VALUES (499, N'Matted Lupine', CAST(N'2021-11-28T00:00:00' AS SmallDateTime), N'http://dummyimage.com/1451x1514.png/5fa2dd/ffffff', NULL, 53, 53)
GO
INSERT [dbo].[images] ([id], [title], [publish_date], [link], [deleted_at], [user_id], [album_id]) VALUES (500, N'Yerba De Guava', CAST(N'2021-03-01T00:00:00' AS SmallDateTime), N'http://dummyimage.com/1579x1902.png/ff4444/ffffff', NULL, 165, 39)
GO
INSERT [dbo].[images] ([id], [title], [publish_date], [link], [deleted_at], [user_id], [album_id]) VALUES (501, N'Corryocactus', CAST(N'2021-08-09T00:00:00' AS SmallDateTime), N'http://dummyimage.com/1553x1911.png/dddddd/000000', NULL, 92, 4)
GO
INSERT [dbo].[images] ([id], [title], [publish_date], [link], [deleted_at], [user_id], [album_id]) VALUES (502, N'Sessileflower False Goldenaster', CAST(N'2021-11-23T00:00:00' AS SmallDateTime), N'http://dummyimage.com/1034x1166.png/cc0000/ffffff', NULL, 78, 4)
GO
INSERT [dbo].[images] ([id], [title], [publish_date], [link], [deleted_at], [user_id], [album_id]) VALUES (503, N'Yellow Nightshade Groundcherry', CAST(N'2022-03-16T00:00:00' AS SmallDateTime), N'http://dummyimage.com/1456x1589.png/dddddd/000000', NULL, 108, 6)
GO
INSERT [dbo].[images] ([id], [title], [publish_date], [link], [deleted_at], [user_id], [album_id]) VALUES (504, N'Woolly Geranium', CAST(N'2021-09-24T00:00:00' AS SmallDateTime), N'http://dummyimage.com/1549x1733.png/dddddd/000000', NULL, 73, 11)
GO
INSERT [dbo].[images] ([id], [title], [publish_date], [link], [deleted_at], [user_id], [album_id]) VALUES (505, N'Australian Indigo', CAST(N'2021-06-26T00:00:00' AS SmallDateTime), N'http://dummyimage.com/1407x1777.png/dddddd/000000', NULL, 71, 54)
GO
INSERT [dbo].[images] ([id], [title], [publish_date], [link], [deleted_at], [user_id], [album_id]) VALUES (506, N'Gravelweed', CAST(N'2021-03-12T00:00:00' AS SmallDateTime), N'http://dummyimage.com/1786x1673.png/ff4444/ffffff', NULL, 110, 6)
GO
INSERT [dbo].[images] ([id], [title], [publish_date], [link], [deleted_at], [user_id], [album_id]) VALUES (507, N'False Jagged-ckickweed', CAST(N'2021-05-28T00:00:00' AS SmallDateTime), N'http://dummyimage.com/1457x1906.png/cc0000/ffffff', NULL, 129, 29)
GO
INSERT [dbo].[images] ([id], [title], [publish_date], [link], [deleted_at], [user_id], [album_id]) VALUES (508, N'Krapovickasia', CAST(N'2021-01-04T00:00:00' AS SmallDateTime), N'http://dummyimage.com/1426x1670.png/cc0000/ffffff', NULL, 27, 9)
GO
INSERT [dbo].[images] ([id], [title], [publish_date], [link], [deleted_at], [user_id], [album_id]) VALUES (509, N'Sand Pygmyweed', CAST(N'2021-12-25T00:00:00' AS SmallDateTime), N'http://dummyimage.com/1500x1971.png/cc0000/ffffff', NULL, 57, 54)
GO
INSERT [dbo].[images] ([id], [title], [publish_date], [link], [deleted_at], [user_id], [album_id]) VALUES (510, N'Yasuda''s Crabseye Lichen', CAST(N'2021-11-22T00:00:00' AS SmallDateTime), N'http://dummyimage.com/1779x1331.png/cc0000/ffffff', NULL, 61, 26)
GO
INSERT [dbo].[images] ([id], [title], [publish_date], [link], [deleted_at], [user_id], [album_id]) VALUES (511, N'Spiny Phlox', CAST(N'2021-05-12T00:00:00' AS SmallDateTime), N'http://dummyimage.com/1671x1757.png/5fa2dd/ffffff', NULL, 129, 46)
GO
INSERT [dbo].[images] ([id], [title], [publish_date], [link], [deleted_at], [user_id], [album_id]) VALUES (512, N'Carrotleaf Horkelia', CAST(N'2021-09-18T00:00:00' AS SmallDateTime), N'http://dummyimage.com/1269x1334.png/ff4444/ffffff', NULL, 81, 47)
GO
INSERT [dbo].[images] ([id], [title], [publish_date], [link], [deleted_at], [user_id], [album_id]) VALUES (513, N'Funck''s Hairsedge', CAST(N'2021-04-26T00:00:00' AS SmallDateTime), N'http://dummyimage.com/1241x1627.png/ff4444/ffffff', NULL, 132, 6)
GO
INSERT [dbo].[images] ([id], [title], [publish_date], [link], [deleted_at], [user_id], [album_id]) VALUES (514, N'Bloomer''s Aster', CAST(N'2021-11-30T00:00:00' AS SmallDateTime), N'http://dummyimage.com/1873x1085.png/cc0000/ffffff', NULL, 179, 65)
GO
INSERT [dbo].[images] ([id], [title], [publish_date], [link], [deleted_at], [user_id], [album_id]) VALUES (515, N'Roundleaf Goldenrod', CAST(N'2021-05-28T00:00:00' AS SmallDateTime), N'http://dummyimage.com/1429x1424.png/5fa2dd/ffffff', NULL, 115, 28)
GO
INSERT [dbo].[images] ([id], [title], [publish_date], [link], [deleted_at], [user_id], [album_id]) VALUES (516, N'Convoluted Barbula Moss', CAST(N'2022-03-19T00:00:00' AS SmallDateTime), N'http://dummyimage.com/1846x1697.png/5fa2dd/ffffff', NULL, 84, 47)
GO
INSERT [dbo].[images] ([id], [title], [publish_date], [link], [deleted_at], [user_id], [album_id]) VALUES (517, N'Horsekiller', CAST(N'2021-08-29T00:00:00' AS SmallDateTime), N'http://dummyimage.com/1024x1394.png/cc0000/ffffff', NULL, 136, 55)
GO
INSERT [dbo].[images] ([id], [title], [publish_date], [link], [deleted_at], [user_id], [album_id]) VALUES (518, N'Rough Hawkweed', CAST(N'2022-02-28T00:00:00' AS SmallDateTime), N'http://dummyimage.com/1513x1022.png/dddddd/000000', NULL, 193, 42)
GO
INSERT [dbo].[images] ([id], [title], [publish_date], [link], [deleted_at], [user_id], [album_id]) VALUES (519, N'Feathery False Lily Of The Valley', CAST(N'2021-12-16T00:00:00' AS SmallDateTime), N'http://dummyimage.com/1307x1462.png/dddddd/000000', NULL, 120, 15)
GO
INSERT [dbo].[images] ([id], [title], [publish_date], [link], [deleted_at], [user_id], [album_id]) VALUES (520, N'Douglas'' Silverpuffs', CAST(N'2022-04-23T00:00:00' AS SmallDateTime), N'http://dummyimage.com/1068x1775.png/cc0000/ffffff', NULL, 16, 55)
GO
INSERT [dbo].[images] ([id], [title], [publish_date], [link], [deleted_at], [user_id], [album_id]) VALUES (521, N'Needle''s Buckwheat', CAST(N'2021-10-31T00:00:00' AS SmallDateTime), N'http://dummyimage.com/1248x1388.png/ff4444/ffffff', NULL, 87, 11)
GO
INSERT [dbo].[images] ([id], [title], [publish_date], [link], [deleted_at], [user_id], [album_id]) VALUES (522, N'Cascades Strawberry', CAST(N'2021-01-10T00:00:00' AS SmallDateTime), N'http://dummyimage.com/1981x1366.png/dddddd/000000', NULL, 84, 19)
GO
INSERT [dbo].[images] ([id], [title], [publish_date], [link], [deleted_at], [user_id], [album_id]) VALUES (523, N'Pricklypoppy', CAST(N'2022-04-08T00:00:00' AS SmallDateTime), N'http://dummyimage.com/1609x1110.png/5fa2dd/ffffff', NULL, 188, 51)
GO
INSERT [dbo].[images] ([id], [title], [publish_date], [link], [deleted_at], [user_id], [album_id]) VALUES (524, N'Mojave Indian Paintbrush', CAST(N'2021-04-14T00:00:00' AS SmallDateTime), N'http://dummyimage.com/1450x1217.png/cc0000/ffffff', NULL, 48, 38)
GO
INSERT [dbo].[images] ([id], [title], [publish_date], [link], [deleted_at], [user_id], [album_id]) VALUES (525, N'Ceanothus', CAST(N'2022-05-04T00:00:00' AS SmallDateTime), N'http://dummyimage.com/1275x1724.png/cc0000/ffffff', NULL, 58, 55)
GO
INSERT [dbo].[images] ([id], [title], [publish_date], [link], [deleted_at], [user_id], [album_id]) VALUES (526, N'Wingleaf Soapberry', CAST(N'2022-02-11T00:00:00' AS SmallDateTime), N'http://dummyimage.com/1793x1908.png/5fa2dd/ffffff', NULL, 132, 47)
GO
INSERT [dbo].[images] ([id], [title], [publish_date], [link], [deleted_at], [user_id], [album_id]) VALUES (527, N'Beard Lichen', CAST(N'2021-11-01T00:00:00' AS SmallDateTime), N'http://dummyimage.com/1286x1287.png/ff4444/ffffff', NULL, 4, 59)
GO
INSERT [dbo].[images] ([id], [title], [publish_date], [link], [deleted_at], [user_id], [album_id]) VALUES (528, N'False Freesia', CAST(N'2021-11-08T00:00:00' AS SmallDateTime), N'http://dummyimage.com/1495x1371.png/dddddd/000000', NULL, 110, 4)
GO
INSERT [dbo].[images] ([id], [title], [publish_date], [link], [deleted_at], [user_id], [album_id]) VALUES (529, N'White Waterleaf', CAST(N'2022-04-27T00:00:00' AS SmallDateTime), N'http://dummyimage.com/1222x1870.png/dddddd/000000', NULL, 195, 50)
GO
INSERT [dbo].[images] ([id], [title], [publish_date], [link], [deleted_at], [user_id], [album_id]) VALUES (530, N'Fivepetal Leaf-flower', CAST(N'2022-02-13T00:00:00' AS SmallDateTime), N'http://dummyimage.com/1592x1106.png/dddddd/000000', NULL, 166, 6)
GO
INSERT [dbo].[images] ([id], [title], [publish_date], [link], [deleted_at], [user_id], [album_id]) VALUES (531, N'Spreading Beaksedge', CAST(N'2021-06-20T00:00:00' AS SmallDateTime), N'http://dummyimage.com/1208x1016.png/dddddd/000000', NULL, 121, 18)
GO
INSERT [dbo].[images] ([id], [title], [publish_date], [link], [deleted_at], [user_id], [album_id]) VALUES (532, N'Dwarf Serviceberry', CAST(N'2021-02-05T00:00:00' AS SmallDateTime), N'http://dummyimage.com/1344x1478.png/5fa2dd/ffffff', CAST(N'2021-09-13T00:00:00' AS SmallDateTime), 12, 20)
GO
INSERT [dbo].[images] ([id], [title], [publish_date], [link], [deleted_at], [user_id], [album_id]) VALUES (533, N'Hayfield Tarweed', CAST(N'2021-03-10T00:00:00' AS SmallDateTime), N'http://dummyimage.com/1966x1651.png/5fa2dd/ffffff', NULL, 68, 31)
GO
INSERT [dbo].[images] ([id], [title], [publish_date], [link], [deleted_at], [user_id], [album_id]) VALUES (534, N'Red Goosefoot', CAST(N'2021-04-19T00:00:00' AS SmallDateTime), N'http://dummyimage.com/1564x1788.png/cc0000/ffffff', NULL, 192, 29)
GO
INSERT [dbo].[images] ([id], [title], [publish_date], [link], [deleted_at], [user_id], [album_id]) VALUES (535, N'Phanerophlebia', CAST(N'2022-02-04T00:00:00' AS SmallDateTime), N'http://dummyimage.com/1817x1512.png/5fa2dd/ffffff', NULL, 196, 26)
GO
INSERT [dbo].[images] ([id], [title], [publish_date], [link], [deleted_at], [user_id], [album_id]) VALUES (536, N'Leatherleaf', CAST(N'2021-09-21T00:00:00' AS SmallDateTime), N'http://dummyimage.com/1680x1926.png/5fa2dd/ffffff', CAST(N'2021-02-03T00:00:00' AS SmallDateTime), 10, 29)
GO
INSERT [dbo].[images] ([id], [title], [publish_date], [link], [deleted_at], [user_id], [album_id]) VALUES (537, N'Gray Clubawn Grass', CAST(N'2021-01-03T00:00:00' AS SmallDateTime), N'http://dummyimage.com/1413x1305.png/cc0000/ffffff', NULL, 29, 27)
GO
INSERT [dbo].[images] ([id], [title], [publish_date], [link], [deleted_at], [user_id], [album_id]) VALUES (538, N'Woodfern', CAST(N'2021-03-03T00:00:00' AS SmallDateTime), N'http://dummyimage.com/1415x1536.png/5fa2dd/ffffff', NULL, 168, 29)
GO
INSERT [dbo].[images] ([id], [title], [publish_date], [link], [deleted_at], [user_id], [album_id]) VALUES (539, N'Skin Lichen', CAST(N'2021-01-31T00:00:00' AS SmallDateTime), N'http://dummyimage.com/1791x1481.png/ff4444/ffffff', NULL, 103, 69)
GO
INSERT [dbo].[images] ([id], [title], [publish_date], [link], [deleted_at], [user_id], [album_id]) VALUES (540, N'Longtom Filmy Fern', CAST(N'2021-03-10T00:00:00' AS SmallDateTime), N'http://dummyimage.com/1936x1882.png/ff4444/ffffff', NULL, 89, 8)
GO
INSERT [dbo].[images] ([id], [title], [publish_date], [link], [deleted_at], [user_id], [album_id]) VALUES (541, N'Chihuahuan Snoutbean', CAST(N'2021-05-15T00:00:00' AS SmallDateTime), N'http://dummyimage.com/1681x1563.png/cc0000/ffffff', NULL, 62, 65)
GO
INSERT [dbo].[images] ([id], [title], [publish_date], [link], [deleted_at], [user_id], [album_id]) VALUES (542, N'Mallee Saltbush', CAST(N'2021-03-04T00:00:00' AS SmallDateTime), N'http://dummyimage.com/1555x1495.png/dddddd/000000', NULL, 144, 51)
GO
INSERT [dbo].[images] ([id], [title], [publish_date], [link], [deleted_at], [user_id], [album_id]) VALUES (543, N'Vente Conmigo', CAST(N'2022-03-29T00:00:00' AS SmallDateTime), N'http://dummyimage.com/1567x1146.png/dddddd/000000', NULL, 134, 10)
GO
INSERT [dbo].[images] ([id], [title], [publish_date], [link], [deleted_at], [user_id], [album_id]) VALUES (544, N'Canadian Arctic Draba', CAST(N'2021-10-13T00:00:00' AS SmallDateTime), N'http://dummyimage.com/1024x1647.png/dddddd/000000', NULL, 11, 9)
GO
INSERT [dbo].[images] ([id], [title], [publish_date], [link], [deleted_at], [user_id], [album_id]) VALUES (545, N'Florida Scrub Bluecurls', CAST(N'2021-08-28T00:00:00' AS SmallDateTime), N'http://dummyimage.com/1708x1983.png/dddddd/000000', NULL, 127, 4)
GO
INSERT [dbo].[images] ([id], [title], [publish_date], [link], [deleted_at], [user_id], [album_id]) VALUES (546, N'Crabseye Lichen', CAST(N'2022-05-19T00:00:00' AS SmallDateTime), N'http://dummyimage.com/1245x1852.png/5fa2dd/ffffff', NULL, 188, 16)
GO
INSERT [dbo].[images] ([id], [title], [publish_date], [link], [deleted_at], [user_id], [album_id]) VALUES (547, N'Hybrid Oak', CAST(N'2022-03-30T00:00:00' AS SmallDateTime), N'http://dummyimage.com/1723x1938.png/ff4444/ffffff', NULL, 175, 16)
GO
INSERT [dbo].[images] ([id], [title], [publish_date], [link], [deleted_at], [user_id], [album_id]) VALUES (548, N'Wailupe Valley Treecotton', CAST(N'2022-02-25T00:00:00' AS SmallDateTime), N'http://dummyimage.com/1022x1399.png/5fa2dd/ffffff', NULL, 174, 70)
GO
INSERT [dbo].[images] ([id], [title], [publish_date], [link], [deleted_at], [user_id], [album_id]) VALUES (549, N'Carolina Anemone', CAST(N'2022-02-25T00:00:00' AS SmallDateTime), N'http://dummyimage.com/1271x1924.png/5fa2dd/ffffff', NULL, 133, 49)
GO
INSERT [dbo].[images] ([id], [title], [publish_date], [link], [deleted_at], [user_id], [album_id]) VALUES (550, N'Summit Lupine', CAST(N'2021-10-26T00:00:00' AS SmallDateTime), N'http://dummyimage.com/1252x1499.png/dddddd/000000', NULL, 89, 41)
GO
INSERT [dbo].[images] ([id], [title], [publish_date], [link], [deleted_at], [user_id], [album_id]) VALUES (551, N'Philonotis Moss', CAST(N'2022-02-05T00:00:00' AS SmallDateTime), N'http://dummyimage.com/1966x1207.png/dddddd/000000', NULL, 51, 47)
GO
INSERT [dbo].[images] ([id], [title], [publish_date], [link], [deleted_at], [user_id], [album_id]) VALUES (552, N'Hybrid Oak', CAST(N'2022-01-14T00:00:00' AS SmallDateTime), N'http://dummyimage.com/1240x1789.png/ff4444/ffffff', CAST(N'2022-03-24T00:00:00' AS SmallDateTime), 135, 15)
GO
INSERT [dbo].[images] ([id], [title], [publish_date], [link], [deleted_at], [user_id], [album_id]) VALUES (553, N'Raggedlip Orchid', CAST(N'2021-07-27T00:00:00' AS SmallDateTime), N'http://dummyimage.com/1434x1879.png/dddddd/000000', NULL, 18, 20)
GO
INSERT [dbo].[images] ([id], [title], [publish_date], [link], [deleted_at], [user_id], [album_id]) VALUES (554, N'Menzies'' Spikemoss', CAST(N'2022-02-15T00:00:00' AS SmallDateTime), N'http://dummyimage.com/1567x1295.png/dddddd/000000', NULL, 172, 10)
GO
INSERT [dbo].[images] ([id], [title], [publish_date], [link], [deleted_at], [user_id], [album_id]) VALUES (555, N'Black Gram', CAST(N'2022-04-09T00:00:00' AS SmallDateTime), N'http://dummyimage.com/1742x1061.png/dddddd/000000', NULL, 76, 34)
GO
INSERT [dbo].[images] ([id], [title], [publish_date], [link], [deleted_at], [user_id], [album_id]) VALUES (556, N'Pore Lichen', CAST(N'2021-03-26T00:00:00' AS SmallDateTime), N'http://dummyimage.com/1942x1766.png/dddddd/000000', NULL, 124, 69)
GO
INSERT [dbo].[images] ([id], [title], [publish_date], [link], [deleted_at], [user_id], [album_id]) VALUES (557, N'Averrhoa', CAST(N'2021-11-18T00:00:00' AS SmallDateTime), N'http://dummyimage.com/1256x1115.png/ff4444/ffffff', NULL, 67, 40)
GO
INSERT [dbo].[images] ([id], [title], [publish_date], [link], [deleted_at], [user_id], [album_id]) VALUES (558, N'Rock-loving Sandwort', CAST(N'2022-02-08T00:00:00' AS SmallDateTime), N'http://dummyimage.com/1048x1434.png/cc0000/ffffff', NULL, 164, 38)
GO
INSERT [dbo].[images] ([id], [title], [publish_date], [link], [deleted_at], [user_id], [album_id]) VALUES (559, N'Foxtail Muhly', CAST(N'2021-10-02T00:00:00' AS SmallDateTime), N'http://dummyimage.com/1559x1710.png/5fa2dd/ffffff', NULL, 187, 66)
GO
INSERT [dbo].[images] ([id], [title], [publish_date], [link], [deleted_at], [user_id], [album_id]) VALUES (560, N'Miniature Lupine', CAST(N'2021-02-05T00:00:00' AS SmallDateTime), N'http://dummyimage.com/1406x1752.png/cc0000/ffffff', NULL, 188, 30)
GO
INSERT [dbo].[images] ([id], [title], [publish_date], [link], [deleted_at], [user_id], [album_id]) VALUES (561, N'Summit Lupine', CAST(N'2022-05-08T00:00:00' AS SmallDateTime), N'http://dummyimage.com/1478x1781.png/dddddd/000000', NULL, 156, 33)
GO
INSERT [dbo].[images] ([id], [title], [publish_date], [link], [deleted_at], [user_id], [album_id]) VALUES (562, N'Hoary Mock Orange', CAST(N'2021-12-25T00:00:00' AS SmallDateTime), N'http://dummyimage.com/1427x1558.png/dddddd/000000', NULL, 95, 13)
GO
INSERT [dbo].[images] ([id], [title], [publish_date], [link], [deleted_at], [user_id], [album_id]) VALUES (563, N'Oahu Sedge', CAST(N'2021-07-11T00:00:00' AS SmallDateTime), N'http://dummyimage.com/1982x1856.png/ff4444/ffffff', NULL, 31, 58)
GO
INSERT [dbo].[images] ([id], [title], [publish_date], [link], [deleted_at], [user_id], [album_id]) VALUES (564, N'Alabama Swamp Flatsedge', CAST(N'2021-09-01T00:00:00' AS SmallDateTime), N'http://dummyimage.com/1641x1863.png/cc0000/ffffff', NULL, 174, 66)
GO
INSERT [dbo].[images] ([id], [title], [publish_date], [link], [deleted_at], [user_id], [album_id]) VALUES (565, N'Colorado Bedstraw', CAST(N'2021-09-17T00:00:00' AS SmallDateTime), N'http://dummyimage.com/1912x1809.png/5fa2dd/ffffff', NULL, 198, 69)
GO
INSERT [dbo].[images] ([id], [title], [publish_date], [link], [deleted_at], [user_id], [album_id]) VALUES (566, N'Cynometra', CAST(N'2021-08-20T00:00:00' AS SmallDateTime), N'http://dummyimage.com/1620x1536.png/5fa2dd/ffffff', NULL, 194, 48)
GO
INSERT [dbo].[images] ([id], [title], [publish_date], [link], [deleted_at], [user_id], [album_id]) VALUES (567, N'Stiff Fendlerbush', CAST(N'2021-04-19T00:00:00' AS SmallDateTime), N'http://dummyimage.com/1447x1995.png/ff4444/ffffff', NULL, 157, 49)
GO
INSERT [dbo].[images] ([id], [title], [publish_date], [link], [deleted_at], [user_id], [album_id]) VALUES (568, N'Broadleaf Aiea', CAST(N'2021-08-02T00:00:00' AS SmallDateTime), N'http://dummyimage.com/1901x1301.png/ff4444/ffffff', NULL, 116, 46)
GO
INSERT [dbo].[images] ([id], [title], [publish_date], [link], [deleted_at], [user_id], [album_id]) VALUES (569, N'Begonia', CAST(N'2021-08-16T00:00:00' AS SmallDateTime), N'http://dummyimage.com/1536x1154.png/cc0000/ffffff', NULL, 57, 22)
GO
INSERT [dbo].[images] ([id], [title], [publish_date], [link], [deleted_at], [user_id], [album_id]) VALUES (570, N'Brachythecium Moss', CAST(N'2021-01-18T00:00:00' AS SmallDateTime), N'http://dummyimage.com/1332x1326.png/ff4444/ffffff', NULL, 32, 30)
GO
INSERT [dbo].[images] ([id], [title], [publish_date], [link], [deleted_at], [user_id], [album_id]) VALUES (571, N'Constance''s Bittercress', CAST(N'2022-01-01T00:00:00' AS SmallDateTime), N'http://dummyimage.com/1909x1466.png/ff4444/ffffff', NULL, 69, 52)
GO
INSERT [dbo].[images] ([id], [title], [publish_date], [link], [deleted_at], [user_id], [album_id]) VALUES (572, N'Slimlobe Globeberry', CAST(N'2021-05-31T00:00:00' AS SmallDateTime), N'http://dummyimage.com/1856x1654.png/dddddd/000000', NULL, 148, 46)
GO
INSERT [dbo].[images] ([id], [title], [publish_date], [link], [deleted_at], [user_id], [album_id]) VALUES (573, N'Rockledge Spleenwort', CAST(N'2021-01-04T00:00:00' AS SmallDateTime), N'http://dummyimage.com/1915x1192.png/5fa2dd/ffffff', NULL, 159, 60)
GO
INSERT [dbo].[images] ([id], [title], [publish_date], [link], [deleted_at], [user_id], [album_id]) VALUES (574, N'Seabean', CAST(N'2022-04-03T00:00:00' AS SmallDateTime), N'http://dummyimage.com/1278x1822.png/5fa2dd/ffffff', NULL, 69, 47)
GO
INSERT [dbo].[images] ([id], [title], [publish_date], [link], [deleted_at], [user_id], [album_id]) VALUES (575, N'False Waterwillow', CAST(N'2021-11-02T00:00:00' AS SmallDateTime), N'http://dummyimage.com/1061x1121.png/dddddd/000000', NULL, 199, 59)
GO
INSERT [dbo].[images] ([id], [title], [publish_date], [link], [deleted_at], [user_id], [album_id]) VALUES (576, N'New Mexico Cinquefoil', CAST(N'2021-05-08T00:00:00' AS SmallDateTime), N'http://dummyimage.com/1713x1105.png/5fa2dd/ffffff', NULL, 93, 47)
GO
INSERT [dbo].[images] ([id], [title], [publish_date], [link], [deleted_at], [user_id], [album_id]) VALUES (577, N'Beavertail Pricklypear', CAST(N'2022-04-16T00:00:00' AS SmallDateTime), N'http://dummyimage.com/1994x1171.png/ff4444/ffffff', NULL, 87, 69)
GO
INSERT [dbo].[images] ([id], [title], [publish_date], [link], [deleted_at], [user_id], [album_id]) VALUES (578, N'Cartilage Lichen', CAST(N'2021-10-02T00:00:00' AS SmallDateTime), N'http://dummyimage.com/1602x1827.png/dddddd/000000', NULL, 121, 18)
GO
INSERT [dbo].[images] ([id], [title], [publish_date], [link], [deleted_at], [user_id], [album_id]) VALUES (579, N'Yellow Loosestrife', CAST(N'2022-05-17T00:00:00' AS SmallDateTime), N'http://dummyimage.com/1367x1738.png/ff4444/ffffff', NULL, 131, 48)
GO
INSERT [dbo].[images] ([id], [title], [publish_date], [link], [deleted_at], [user_id], [album_id]) VALUES (580, N'Great Basin Brome', CAST(N'2022-01-02T00:00:00' AS SmallDateTime), N'http://dummyimage.com/1190x1264.png/cc0000/ffffff', NULL, 4, 42)
GO
INSERT [dbo].[images] ([id], [title], [publish_date], [link], [deleted_at], [user_id], [album_id]) VALUES (581, N'Indian Headdress', CAST(N'2021-11-02T00:00:00' AS SmallDateTime), N'http://dummyimage.com/1652x1345.png/5fa2dd/ffffff', NULL, 198, 14)
GO
INSERT [dbo].[images] ([id], [title], [publish_date], [link], [deleted_at], [user_id], [album_id]) VALUES (582, N'Threadleaf Crowfoot', CAST(N'2021-03-16T00:00:00' AS SmallDateTime), N'http://dummyimage.com/1073x1726.png/dddddd/000000', NULL, 30, 47)
GO
INSERT [dbo].[images] ([id], [title], [publish_date], [link], [deleted_at], [user_id], [album_id]) VALUES (583, N'Psilochilus', CAST(N'2021-12-25T00:00:00' AS SmallDateTime), N'http://dummyimage.com/1492x1259.png/dddddd/000000', NULL, 12, 51)
GO
INSERT [dbo].[images] ([id], [title], [publish_date], [link], [deleted_at], [user_id], [album_id]) VALUES (584, N'Air Fern', CAST(N'2022-05-09T00:00:00' AS SmallDateTime), N'http://dummyimage.com/1361x1802.png/cc0000/ffffff', NULL, 164, 36)
GO
INSERT [dbo].[images] ([id], [title], [publish_date], [link], [deleted_at], [user_id], [album_id]) VALUES (585, N'Carline Thistle', CAST(N'2021-03-08T00:00:00' AS SmallDateTime), N'http://dummyimage.com/1849x1584.png/dddddd/000000', NULL, 64, 64)
GO
INSERT [dbo].[images] ([id], [title], [publish_date], [link], [deleted_at], [user_id], [album_id]) VALUES (586, N'California Live Oak', CAST(N'2021-11-23T00:00:00' AS SmallDateTime), N'http://dummyimage.com/1671x1832.png/ff4444/ffffff', NULL, 43, 56)
GO
INSERT [dbo].[images] ([id], [title], [publish_date], [link], [deleted_at], [user_id], [album_id]) VALUES (587, N'Bastardcabbage', CAST(N'2021-02-12T00:00:00' AS SmallDateTime), N'http://dummyimage.com/1119x1353.png/dddddd/000000', NULL, 109, 65)
GO
INSERT [dbo].[images] ([id], [title], [publish_date], [link], [deleted_at], [user_id], [album_id]) VALUES (588, N'Slenderleaf False Foxglove', CAST(N'2021-01-24T00:00:00' AS SmallDateTime), N'http://dummyimage.com/1557x1346.png/cc0000/ffffff', NULL, 193, 67)
GO
INSERT [dbo].[images] ([id], [title], [publish_date], [link], [deleted_at], [user_id], [album_id]) VALUES (589, N'Tingiringi Gum', CAST(N'2021-03-22T00:00:00' AS SmallDateTime), N'http://dummyimage.com/1851x1228.png/dddddd/000000', NULL, 140, 53)
GO
INSERT [dbo].[images] ([id], [title], [publish_date], [link], [deleted_at], [user_id], [album_id]) VALUES (590, N'Urvillea', CAST(N'2022-01-28T00:00:00' AS SmallDateTime), N'http://dummyimage.com/1668x1386.png/ff4444/ffffff', CAST(N'2022-03-30T00:00:00' AS SmallDateTime), 42, 57)
GO
INSERT [dbo].[images] ([id], [title], [publish_date], [link], [deleted_at], [user_id], [album_id]) VALUES (591, N'Hawkweed', CAST(N'2021-09-03T00:00:00' AS SmallDateTime), N'http://dummyimage.com/1877x1287.png/5fa2dd/ffffff', NULL, 108, 53)
GO
INSERT [dbo].[images] ([id], [title], [publish_date], [link], [deleted_at], [user_id], [album_id]) VALUES (592, N'Pincushion Beardtongue', CAST(N'2021-09-09T00:00:00' AS SmallDateTime), N'http://dummyimage.com/1982x1724.png/5fa2dd/ffffff', NULL, 187, 48)
GO
INSERT [dbo].[images] ([id], [title], [publish_date], [link], [deleted_at], [user_id], [album_id]) VALUES (593, N'Forbestown Rush', CAST(N'2021-09-01T00:00:00' AS SmallDateTime), N'http://dummyimage.com/1055x1694.png/ff4444/ffffff', NULL, 169, 3)
GO
INSERT [dbo].[images] ([id], [title], [publish_date], [link], [deleted_at], [user_id], [album_id]) VALUES (594, N'Whisk Fern', CAST(N'2021-08-07T00:00:00' AS SmallDateTime), N'http://dummyimage.com/1642x1483.png/ff4444/ffffff', NULL, 14, 20)
GO
INSERT [dbo].[images] ([id], [title], [publish_date], [link], [deleted_at], [user_id], [album_id]) VALUES (595, N'Canadian Burnet', CAST(N'2021-04-22T00:00:00' AS SmallDateTime), N'http://dummyimage.com/1304x1224.png/ff4444/ffffff', NULL, 122, 7)
GO
INSERT [dbo].[images] ([id], [title], [publish_date], [link], [deleted_at], [user_id], [album_id]) VALUES (596, N'Sonoma Lessingia', CAST(N'2021-01-05T00:00:00' AS SmallDateTime), N'http://dummyimage.com/1029x1405.png/ff4444/ffffff', NULL, 95, 66)
GO
INSERT [dbo].[images] ([id], [title], [publish_date], [link], [deleted_at], [user_id], [album_id]) VALUES (597, N'Boleko Nut', CAST(N'2022-01-18T00:00:00' AS SmallDateTime), N'http://dummyimage.com/1712x1148.png/dddddd/000000', NULL, 17, 33)
GO
INSERT [dbo].[images] ([id], [title], [publish_date], [link], [deleted_at], [user_id], [album_id]) VALUES (598, N'Yellow Loosestrife', CAST(N'2021-07-20T00:00:00' AS SmallDateTime), N'http://dummyimage.com/1294x1800.png/dddddd/000000', NULL, 198, 40)
GO
INSERT [dbo].[images] ([id], [title], [publish_date], [link], [deleted_at], [user_id], [album_id]) VALUES (599, N'Western Buttercup', CAST(N'2021-11-10T00:00:00' AS SmallDateTime), N'http://dummyimage.com/1368x1528.png/cc0000/ffffff', NULL, 101, 53)
GO
INSERT [dbo].[images] ([id], [title], [publish_date], [link], [deleted_at], [user_id], [album_id]) VALUES (600, N'Foul Odor Monkeyflower', CAST(N'2022-04-30T00:00:00' AS SmallDateTime), N'http://dummyimage.com/1196x1896.png/ff4444/ffffff', NULL, 13, 18)
GO
INSERT [dbo].[images] ([id], [title], [publish_date], [link], [deleted_at], [user_id], [album_id]) VALUES (601, N'Singlespike Peperomia', CAST(N'2021-01-27T00:00:00' AS SmallDateTime), N'http://dummyimage.com/1255x1862.png/dddddd/000000', NULL, 88, 43)
GO
INSERT [dbo].[images] ([id], [title], [publish_date], [link], [deleted_at], [user_id], [album_id]) VALUES (602, N'Hawksbeard', CAST(N'2021-07-20T00:00:00' AS SmallDateTime), N'http://dummyimage.com/1552x1341.png/5fa2dd/ffffff', CAST(N'2022-01-02T00:00:00' AS SmallDateTime), 158, 32)
GO
INSERT [dbo].[images] ([id], [title], [publish_date], [link], [deleted_at], [user_id], [album_id]) VALUES (603, N'Stahlia', CAST(N'2021-01-02T00:00:00' AS SmallDateTime), N'http://dummyimage.com/1046x1974.png/cc0000/ffffff', NULL, 116, 23)
GO
INSERT [dbo].[images] ([id], [title], [publish_date], [link], [deleted_at], [user_id], [album_id]) VALUES (604, N'Darkthroat Shootingstar', CAST(N'2021-01-08T00:00:00' AS SmallDateTime), N'http://dummyimage.com/1193x1512.png/ff4444/ffffff', NULL, 82, 42)
GO
INSERT [dbo].[images] ([id], [title], [publish_date], [link], [deleted_at], [user_id], [album_id]) VALUES (605, N'Bluestem Pricklypoppy', CAST(N'2022-04-01T00:00:00' AS SmallDateTime), N'http://dummyimage.com/1103x1842.png/cc0000/ffffff', NULL, 40, 5)
GO
INSERT [dbo].[images] ([id], [title], [publish_date], [link], [deleted_at], [user_id], [album_id]) VALUES (606, N'Longspur Seablush', CAST(N'2021-09-18T00:00:00' AS SmallDateTime), N'http://dummyimage.com/1892x1176.png/ff4444/ffffff', NULL, 144, 21)
GO
INSERT [dbo].[images] ([id], [title], [publish_date], [link], [deleted_at], [user_id], [album_id]) VALUES (607, N'Spike Fescue', CAST(N'2021-02-10T00:00:00' AS SmallDateTime), N'http://dummyimage.com/1213x1376.png/ff4444/ffffff', NULL, 137, 7)
GO
INSERT [dbo].[images] ([id], [title], [publish_date], [link], [deleted_at], [user_id], [album_id]) VALUES (608, N'Treetrunk Bristle Fern', CAST(N'2021-06-22T00:00:00' AS SmallDateTime), N'http://dummyimage.com/1135x1652.png/5fa2dd/ffffff', NULL, 101, 44)
GO
INSERT [dbo].[images] ([id], [title], [publish_date], [link], [deleted_at], [user_id], [album_id]) VALUES (609, N'Arabian Coffee', CAST(N'2021-06-11T00:00:00' AS SmallDateTime), N'http://dummyimage.com/1153x1636.png/cc0000/ffffff', NULL, 51, 49)
GO
INSERT [dbo].[images] ([id], [title], [publish_date], [link], [deleted_at], [user_id], [album_id]) VALUES (610, N'Geranium', CAST(N'2021-09-30T00:00:00' AS SmallDateTime), N'http://dummyimage.com/1075x1595.png/5fa2dd/ffffff', NULL, 103, 3)
GO
INSERT [dbo].[images] ([id], [title], [publish_date], [link], [deleted_at], [user_id], [album_id]) VALUES (611, N'Kikuyugrass', CAST(N'2022-04-19T00:00:00' AS SmallDateTime), N'http://dummyimage.com/1998x1866.png/ff4444/ffffff', NULL, 85, 41)
GO
INSERT [dbo].[images] ([id], [title], [publish_date], [link], [deleted_at], [user_id], [album_id]) VALUES (612, N'Bracted Popcornflower', CAST(N'2022-05-04T00:00:00' AS SmallDateTime), N'http://dummyimage.com/1295x1084.png/ff4444/ffffff', NULL, 42, 3)
GO
INSERT [dbo].[images] ([id], [title], [publish_date], [link], [deleted_at], [user_id], [album_id]) VALUES (613, N'Calistoga Popcornflower', CAST(N'2021-01-27T00:00:00' AS SmallDateTime), N'http://dummyimage.com/1197x1839.png/cc0000/ffffff', NULL, 13, 60)
GO
INSERT [dbo].[images] ([id], [title], [publish_date], [link], [deleted_at], [user_id], [album_id]) VALUES (614, N'Honeysuckle', CAST(N'2021-08-27T00:00:00' AS SmallDateTime), N'http://dummyimage.com/1499x1780.png/cc0000/ffffff', NULL, 150, 11)
GO
INSERT [dbo].[images] ([id], [title], [publish_date], [link], [deleted_at], [user_id], [album_id]) VALUES (615, N'Gland Onion', CAST(N'2021-04-01T00:00:00' AS SmallDateTime), N'http://dummyimage.com/1697x1450.png/cc0000/ffffff', NULL, 5, 46)
GO
INSERT [dbo].[images] ([id], [title], [publish_date], [link], [deleted_at], [user_id], [album_id]) VALUES (616, N'Kauai False Ohelo', CAST(N'2021-07-05T00:00:00' AS SmallDateTime), N'http://dummyimage.com/1480x1962.png/dddddd/000000', NULL, 100, 56)
GO
INSERT [dbo].[images] ([id], [title], [publish_date], [link], [deleted_at], [user_id], [album_id]) VALUES (617, N'Spearleaf Stonecrop', CAST(N'2021-05-18T00:00:00' AS SmallDateTime), N'http://dummyimage.com/1720x1684.png/cc0000/ffffff', CAST(N'2021-10-17T00:00:00' AS SmallDateTime), 129, 68)
GO
INSERT [dbo].[images] ([id], [title], [publish_date], [link], [deleted_at], [user_id], [album_id]) VALUES (618, N'Bluntflower Rush', CAST(N'2021-03-05T00:00:00' AS SmallDateTime), N'http://dummyimage.com/1330x1204.png/5fa2dd/ffffff', NULL, 13, 69)
GO
INSERT [dbo].[images] ([id], [title], [publish_date], [link], [deleted_at], [user_id], [album_id]) VALUES (619, N'Sandberg Bluegrass', CAST(N'2021-12-30T00:00:00' AS SmallDateTime), N'http://dummyimage.com/1977x1750.png/dddddd/000000', CAST(N'2021-06-21T00:00:00' AS SmallDateTime), 21, 19)
GO
INSERT [dbo].[images] ([id], [title], [publish_date], [link], [deleted_at], [user_id], [album_id]) VALUES (620, N'Little Cryptantha', CAST(N'2021-08-16T00:00:00' AS SmallDateTime), N'http://dummyimage.com/1178x1640.png/5fa2dd/ffffff', NULL, 45, 15)
GO
INSERT [dbo].[images] ([id], [title], [publish_date], [link], [deleted_at], [user_id], [album_id]) VALUES (621, N'Intermountain Phacelia', CAST(N'2021-01-26T00:00:00' AS SmallDateTime), N'http://dummyimage.com/1973x1870.png/dddddd/000000', NULL, 159, 30)
GO
INSERT [dbo].[images] ([id], [title], [publish_date], [link], [deleted_at], [user_id], [album_id]) VALUES (622, N'Hediondilla', CAST(N'2022-01-24T00:00:00' AS SmallDateTime), N'http://dummyimage.com/1699x1728.png/dddddd/000000', NULL, 77, 45)
GO
INSERT [dbo].[images] ([id], [title], [publish_date], [link], [deleted_at], [user_id], [album_id]) VALUES (623, N'Chaparral Gilia', CAST(N'2022-05-11T00:00:00' AS SmallDateTime), N'http://dummyimage.com/1009x1050.png/dddddd/000000', NULL, 104, 23)
GO
INSERT [dbo].[images] ([id], [title], [publish_date], [link], [deleted_at], [user_id], [album_id]) VALUES (624, N'Bugseed', CAST(N'2021-12-02T00:00:00' AS SmallDateTime), N'http://dummyimage.com/1166x1093.png/dddddd/000000', NULL, 137, 8)
GO
INSERT [dbo].[images] ([id], [title], [publish_date], [link], [deleted_at], [user_id], [album_id]) VALUES (625, N'Didymodon Moss', CAST(N'2021-10-29T00:00:00' AS SmallDateTime), N'http://dummyimage.com/1588x1785.png/5fa2dd/ffffff', NULL, 172, 11)
GO
INSERT [dbo].[images] ([id], [title], [publish_date], [link], [deleted_at], [user_id], [album_id]) VALUES (626, N'Limoncillo', CAST(N'2021-07-30T00:00:00' AS SmallDateTime), N'http://dummyimage.com/1022x1668.png/cc0000/ffffff', NULL, 159, 45)
GO
INSERT [dbo].[images] ([id], [title], [publish_date], [link], [deleted_at], [user_id], [album_id]) VALUES (627, N'Palmer''s Cock''s Comb', CAST(N'2021-01-18T00:00:00' AS SmallDateTime), N'http://dummyimage.com/1064x1491.png/cc0000/ffffff', NULL, 39, 59)
GO
INSERT [dbo].[images] ([id], [title], [publish_date], [link], [deleted_at], [user_id], [album_id]) VALUES (628, N'Red Powderpuff', CAST(N'2022-03-06T00:00:00' AS SmallDateTime), N'http://dummyimage.com/1628x1280.png/5fa2dd/ffffff', NULL, 115, 20)
GO
INSERT [dbo].[images] ([id], [title], [publish_date], [link], [deleted_at], [user_id], [album_id]) VALUES (629, N'Melaleuca', CAST(N'2022-03-31T00:00:00' AS SmallDateTime), N'http://dummyimage.com/1112x1736.png/5fa2dd/ffffff', NULL, 149, 49)
GO
INSERT [dbo].[images] ([id], [title], [publish_date], [link], [deleted_at], [user_id], [album_id]) VALUES (630, N'Sandwort Homalothecium Moss', CAST(N'2021-12-16T00:00:00' AS SmallDateTime), N'http://dummyimage.com/1006x1438.png/ff4444/ffffff', NULL, 154, 60)
GO
INSERT [dbo].[images] ([id], [title], [publish_date], [link], [deleted_at], [user_id], [album_id]) VALUES (631, N'Mountain Doll''s Daisy', CAST(N'2022-02-23T00:00:00' AS SmallDateTime), N'http://dummyimage.com/1549x1026.png/cc0000/ffffff', NULL, 50, 7)
GO
INSERT [dbo].[images] ([id], [title], [publish_date], [link], [deleted_at], [user_id], [album_id]) VALUES (632, N'Textile Bamboo', CAST(N'2021-10-06T00:00:00' AS SmallDateTime), N'http://dummyimage.com/1153x1941.png/5fa2dd/ffffff', NULL, 53, 46)
GO
INSERT [dbo].[images] ([id], [title], [publish_date], [link], [deleted_at], [user_id], [album_id]) VALUES (633, N'Lindheimer''s Hackberry', CAST(N'2021-09-22T00:00:00' AS SmallDateTime), N'http://dummyimage.com/1587x1946.png/cc0000/ffffff', NULL, 148, 8)
GO
INSERT [dbo].[images] ([id], [title], [publish_date], [link], [deleted_at], [user_id], [album_id]) VALUES (634, N'White False Tickhead', CAST(N'2021-02-07T00:00:00' AS SmallDateTime), N'http://dummyimage.com/1776x1774.png/5fa2dd/ffffff', CAST(N'2022-02-22T00:00:00' AS SmallDateTime), 60, 47)
GO
INSERT [dbo].[images] ([id], [title], [publish_date], [link], [deleted_at], [user_id], [album_id]) VALUES (635, N'Spleenwort', CAST(N'2021-11-24T00:00:00' AS SmallDateTime), N'http://dummyimage.com/1808x1451.png/cc0000/ffffff', CAST(N'2021-08-31T00:00:00' AS SmallDateTime), 16, 13)
GO
INSERT [dbo].[images] ([id], [title], [publish_date], [link], [deleted_at], [user_id], [album_id]) VALUES (636, N'Cumberland Pagoda-plant', CAST(N'2021-09-21T00:00:00' AS SmallDateTime), N'http://dummyimage.com/1091x1898.png/cc0000/ffffff', NULL, 68, 17)
GO
INSERT [dbo].[images] ([id], [title], [publish_date], [link], [deleted_at], [user_id], [album_id]) VALUES (637, N'Plains Flax', CAST(N'2022-04-27T00:00:00' AS SmallDateTime), N'http://dummyimage.com/1312x1079.png/ff4444/ffffff', NULL, 161, 29)
GO
INSERT [dbo].[images] ([id], [title], [publish_date], [link], [deleted_at], [user_id], [album_id]) VALUES (638, N'Umbel Bittercress', CAST(N'2022-05-01T00:00:00' AS SmallDateTime), N'http://dummyimage.com/1023x1236.png/dddddd/000000', NULL, 34, 38)
GO
INSERT [dbo].[images] ([id], [title], [publish_date], [link], [deleted_at], [user_id], [album_id]) VALUES (639, N'Wedgeleaf Horkelia', CAST(N'2021-03-22T00:00:00' AS SmallDateTime), N'http://dummyimage.com/1485x1667.png/dddddd/000000', CAST(N'2022-04-28T00:00:00' AS SmallDateTime), 134, 4)
GO
INSERT [dbo].[images] ([id], [title], [publish_date], [link], [deleted_at], [user_id], [album_id]) VALUES (640, N'Peregrine Thistle', CAST(N'2022-02-18T00:00:00' AS SmallDateTime), N'http://dummyimage.com/1334x1131.png/5fa2dd/ffffff', NULL, 48, 42)
GO
INSERT [dbo].[images] ([id], [title], [publish_date], [link], [deleted_at], [user_id], [album_id]) VALUES (641, N'Usnea Phaeosporobolus', CAST(N'2021-05-15T00:00:00' AS SmallDateTime), N'http://dummyimage.com/1831x1820.png/dddddd/000000', NULL, 75, 62)
GO
INSERT [dbo].[images] ([id], [title], [publish_date], [link], [deleted_at], [user_id], [album_id]) VALUES (642, N'Fountain Palm', CAST(N'2021-01-26T00:00:00' AS SmallDateTime), N'http://dummyimage.com/1622x1948.png/cc0000/ffffff', NULL, 54, 49)
GO
INSERT [dbo].[images] ([id], [title], [publish_date], [link], [deleted_at], [user_id], [album_id]) VALUES (643, N'Chempedak', CAST(N'2021-06-29T00:00:00' AS SmallDateTime), N'http://dummyimage.com/1290x1052.png/5fa2dd/ffffff', NULL, 52, 16)
GO
INSERT [dbo].[images] ([id], [title], [publish_date], [link], [deleted_at], [user_id], [album_id]) VALUES (644, N'Redflower False Yucca', CAST(N'2021-03-29T00:00:00' AS SmallDateTime), N'http://dummyimage.com/1917x1897.png/5fa2dd/ffffff', NULL, 94, 3)
GO
INSERT [dbo].[images] ([id], [title], [publish_date], [link], [deleted_at], [user_id], [album_id]) VALUES (645, N'Woollyhead Neststraw', CAST(N'2022-01-23T00:00:00' AS SmallDateTime), N'http://dummyimage.com/1464x1549.png/dddddd/000000', NULL, 101, 19)
GO
INSERT [dbo].[images] ([id], [title], [publish_date], [link], [deleted_at], [user_id], [album_id]) VALUES (646, N'Hillside Woodland-star', CAST(N'2021-04-24T00:00:00' AS SmallDateTime), N'http://dummyimage.com/1586x1845.png/5fa2dd/ffffff', NULL, 195, 25)
GO
INSERT [dbo].[images] ([id], [title], [publish_date], [link], [deleted_at], [user_id], [album_id]) VALUES (647, N'Cainville Thistle', CAST(N'2021-12-10T00:00:00' AS SmallDateTime), N'http://dummyimage.com/1802x1925.png/cc0000/ffffff', NULL, 186, 43)
GO
INSERT [dbo].[images] ([id], [title], [publish_date], [link], [deleted_at], [user_id], [album_id]) VALUES (648, N'New England Fontinalis Moss', CAST(N'2021-10-25T00:00:00' AS SmallDateTime), N'http://dummyimage.com/1454x1067.png/dddddd/000000', NULL, 152, 42)
GO
INSERT [dbo].[images] ([id], [title], [publish_date], [link], [deleted_at], [user_id], [album_id]) VALUES (649, N'Rim Lichen', CAST(N'2021-08-18T00:00:00' AS SmallDateTime), N'http://dummyimage.com/1695x1971.png/dddddd/000000', NULL, 69, 54)
GO
INSERT [dbo].[images] ([id], [title], [publish_date], [link], [deleted_at], [user_id], [album_id]) VALUES (650, N'Oakland Mariposa Lily', CAST(N'2021-02-11T00:00:00' AS SmallDateTime), N'http://dummyimage.com/1597x1424.png/dddddd/000000', NULL, 126, 25)
GO
INSERT [dbo].[images] ([id], [title], [publish_date], [link], [deleted_at], [user_id], [album_id]) VALUES (651, N'Giant Chinquapin', CAST(N'2021-09-22T00:00:00' AS SmallDateTime), N'http://dummyimage.com/1875x1805.png/ff4444/ffffff', NULL, 59, 18)
GO
INSERT [dbo].[images] ([id], [title], [publish_date], [link], [deleted_at], [user_id], [album_id]) VALUES (652, N'Sessileleaf Stopper', CAST(N'2022-03-27T00:00:00' AS SmallDateTime), N'http://dummyimage.com/1319x1250.png/ff4444/ffffff', NULL, 110, 30)
GO
INSERT [dbo].[images] ([id], [title], [publish_date], [link], [deleted_at], [user_id], [album_id]) VALUES (653, N'Red Stringybark', CAST(N'2021-11-08T00:00:00' AS SmallDateTime), N'http://dummyimage.com/1925x1354.png/ff4444/ffffff', NULL, 125, 10)
GO
INSERT [dbo].[images] ([id], [title], [publish_date], [link], [deleted_at], [user_id], [album_id]) VALUES (654, N'Ash Meadows Milkvetch', CAST(N'2021-09-25T00:00:00' AS SmallDateTime), N'http://dummyimage.com/1370x1332.png/cc0000/ffffff', NULL, 128, 25)
GO
INSERT [dbo].[images] ([id], [title], [publish_date], [link], [deleted_at], [user_id], [album_id]) VALUES (655, N'Foothill Clover', CAST(N'2021-10-11T00:00:00' AS SmallDateTime), N'http://dummyimage.com/1412x1669.png/dddddd/000000', NULL, 127, 45)
GO
INSERT [dbo].[images] ([id], [title], [publish_date], [link], [deleted_at], [user_id], [album_id]) VALUES (656, N'Santa Lucia Horkelia', CAST(N'2021-02-01T00:00:00' AS SmallDateTime), N'http://dummyimage.com/1528x1012.png/5fa2dd/ffffff', NULL, 91, 34)
GO
INSERT [dbo].[images] ([id], [title], [publish_date], [link], [deleted_at], [user_id], [album_id]) VALUES (657, N'Cavedwelling Primrose', CAST(N'2021-05-16T00:00:00' AS SmallDateTime), N'http://dummyimage.com/1031x1222.png/cc0000/ffffff', NULL, 97, 7)
GO
INSERT [dbo].[images] ([id], [title], [publish_date], [link], [deleted_at], [user_id], [album_id]) VALUES (658, N'Swamp Smartweed', CAST(N'2021-12-06T00:00:00' AS SmallDateTime), N'http://dummyimage.com/1203x1261.png/cc0000/ffffff', NULL, 23, 14)
GO
INSERT [dbo].[images] ([id], [title], [publish_date], [link], [deleted_at], [user_id], [album_id]) VALUES (659, N'Ramgoat Dashalong', CAST(N'2022-03-21T00:00:00' AS SmallDateTime), N'http://dummyimage.com/1772x1792.png/dddddd/000000', NULL, 47, 5)
GO
INSERT [dbo].[images] ([id], [title], [publish_date], [link], [deleted_at], [user_id], [album_id]) VALUES (660, N'Siskiyou Mountain Ragwort', CAST(N'2022-02-08T00:00:00' AS SmallDateTime), N'http://dummyimage.com/1153x1027.png/cc0000/ffffff', NULL, 145, 48)
GO
INSERT [dbo].[images] ([id], [title], [publish_date], [link], [deleted_at], [user_id], [album_id]) VALUES (661, N'Rhytidium Moss', CAST(N'2021-09-16T00:00:00' AS SmallDateTime), N'http://dummyimage.com/1485x1849.png/ff4444/ffffff', NULL, 126, 58)
GO
INSERT [dbo].[images] ([id], [title], [publish_date], [link], [deleted_at], [user_id], [album_id]) VALUES (662, N'Lescur''s Thelia Moss', CAST(N'2021-09-17T00:00:00' AS SmallDateTime), N'http://dummyimage.com/1006x1430.png/ff4444/ffffff', NULL, 46, 7)
GO
INSERT [dbo].[images] ([id], [title], [publish_date], [link], [deleted_at], [user_id], [album_id]) VALUES (663, N'Anderson''s Weissia Moss', CAST(N'2021-02-06T00:00:00' AS SmallDateTime), N'http://dummyimage.com/1025x1101.png/cc0000/ffffff', NULL, 58, 54)
GO
INSERT [dbo].[images] ([id], [title], [publish_date], [link], [deleted_at], [user_id], [album_id]) VALUES (664, N'Weakstalk Bulrush', CAST(N'2021-10-18T00:00:00' AS SmallDateTime), N'http://dummyimage.com/1306x1276.png/dddddd/000000', NULL, 171, 49)
GO
INSERT [dbo].[images] ([id], [title], [publish_date], [link], [deleted_at], [user_id], [album_id]) VALUES (665, N'Western Azalea', CAST(N'2021-05-22T00:00:00' AS SmallDateTime), N'http://dummyimage.com/1899x1871.png/ff4444/ffffff', NULL, 120, 9)
GO
INSERT [dbo].[images] ([id], [title], [publish_date], [link], [deleted_at], [user_id], [album_id]) VALUES (666, N'Georgia False Indigo', CAST(N'2022-02-09T00:00:00' AS SmallDateTime), N'http://dummyimage.com/1782x1909.png/5fa2dd/ffffff', NULL, 175, 67)
GO
INSERT [dbo].[images] ([id], [title], [publish_date], [link], [deleted_at], [user_id], [album_id]) VALUES (667, N'Twolobe Passionflower', CAST(N'2022-03-06T00:00:00' AS SmallDateTime), N'http://dummyimage.com/1157x1792.png/dddddd/000000', NULL, 118, 57)
GO
INSERT [dbo].[images] ([id], [title], [publish_date], [link], [deleted_at], [user_id], [album_id]) VALUES (668, N'Smallflowered Milkvetch', CAST(N'2021-04-23T00:00:00' AS SmallDateTime), N'http://dummyimage.com/1852x1769.png/dddddd/000000', NULL, 122, 54)
GO
INSERT [dbo].[images] ([id], [title], [publish_date], [link], [deleted_at], [user_id], [album_id]) VALUES (669, N'Eastwood''s Buttercup', CAST(N'2021-03-18T00:00:00' AS SmallDateTime), N'http://dummyimage.com/1354x1432.png/cc0000/ffffff', NULL, 98, 56)
GO
INSERT [dbo].[images] ([id], [title], [publish_date], [link], [deleted_at], [user_id], [album_id]) VALUES (670, N'Chaparral Nightshade', CAST(N'2021-02-21T00:00:00' AS SmallDateTime), N'http://dummyimage.com/1563x1869.png/5fa2dd/ffffff', NULL, 49, 10)
GO
INSERT [dbo].[images] ([id], [title], [publish_date], [link], [deleted_at], [user_id], [album_id]) VALUES (671, N'Thin-wall Quillwort', CAST(N'2021-12-21T00:00:00' AS SmallDateTime), N'http://dummyimage.com/1781x1894.png/5fa2dd/ffffff', NULL, 3, 50)
GO
INSERT [dbo].[images] ([id], [title], [publish_date], [link], [deleted_at], [user_id], [album_id]) VALUES (672, N'Gardenia', CAST(N'2021-11-30T00:00:00' AS SmallDateTime), N'http://dummyimage.com/1099x1675.png/ff4444/ffffff', NULL, 62, 63)
GO
INSERT [dbo].[images] ([id], [title], [publish_date], [link], [deleted_at], [user_id], [album_id]) VALUES (673, N'Hybrid Oak', CAST(N'2022-04-03T00:00:00' AS SmallDateTime), N'http://dummyimage.com/1617x1858.png/ff4444/ffffff', NULL, 44, 41)
GO
INSERT [dbo].[images] ([id], [title], [publish_date], [link], [deleted_at], [user_id], [album_id]) VALUES (674, N'Degener''s Labordia', CAST(N'2021-07-24T00:00:00' AS SmallDateTime), N'http://dummyimage.com/1279x1707.png/dddddd/000000', NULL, 139, 48)
GO
INSERT [dbo].[images] ([id], [title], [publish_date], [link], [deleted_at], [user_id], [album_id]) VALUES (675, N'Showy Evening Primrose', CAST(N'2021-09-01T00:00:00' AS SmallDateTime), N'http://dummyimage.com/1201x1678.png/cc0000/ffffff', NULL, 130, 56)
GO
INSERT [dbo].[images] ([id], [title], [publish_date], [link], [deleted_at], [user_id], [album_id]) VALUES (676, N'Boundary Peak Rockcress', CAST(N'2021-02-28T00:00:00' AS SmallDateTime), N'http://dummyimage.com/1138x1450.png/5fa2dd/ffffff', NULL, 102, 53)
GO
INSERT [dbo].[images] ([id], [title], [publish_date], [link], [deleted_at], [user_id], [album_id]) VALUES (677, N'Bridges'' Catchfly', CAST(N'2022-02-14T00:00:00' AS SmallDateTime), N'http://dummyimage.com/1776x1838.png/dddddd/000000', NULL, 137, 60)
GO
INSERT [dbo].[images] ([id], [title], [publish_date], [link], [deleted_at], [user_id], [album_id]) VALUES (678, N'Daisy Bush', CAST(N'2021-07-13T00:00:00' AS SmallDateTime), N'http://dummyimage.com/1985x1013.png/cc0000/ffffff', NULL, 150, 55)
GO
INSERT [dbo].[images] ([id], [title], [publish_date], [link], [deleted_at], [user_id], [album_id]) VALUES (679, N'Bushy Heliotrope', CAST(N'2021-11-17T00:00:00' AS SmallDateTime), N'http://dummyimage.com/1304x1368.png/ff4444/ffffff', NULL, 51, 61)
GO
INSERT [dbo].[images] ([id], [title], [publish_date], [link], [deleted_at], [user_id], [album_id]) VALUES (680, N'Mudbank Crowngrass', CAST(N'2021-09-26T00:00:00' AS SmallDateTime), N'http://dummyimage.com/1566x1615.png/ff4444/ffffff', NULL, 178, 43)
GO
INSERT [dbo].[images] ([id], [title], [publish_date], [link], [deleted_at], [user_id], [album_id]) VALUES (681, N'Carolina Wild Petunia', CAST(N'2021-05-12T00:00:00' AS SmallDateTime), N'http://dummyimage.com/1399x1071.png/cc0000/ffffff', NULL, 62, 5)
GO
INSERT [dbo].[images] ([id], [title], [publish_date], [link], [deleted_at], [user_id], [album_id]) VALUES (682, N'Nylon Hedgehog Cactus', CAST(N'2021-12-18T00:00:00' AS SmallDateTime), N'http://dummyimage.com/1326x1595.png/cc0000/ffffff', NULL, 180, 20)
GO
INSERT [dbo].[images] ([id], [title], [publish_date], [link], [deleted_at], [user_id], [album_id]) VALUES (683, N'Oregon Lupine', CAST(N'2021-04-19T00:00:00' AS SmallDateTime), N'http://dummyimage.com/1082x1057.png/cc0000/ffffff', NULL, 176, 63)
GO
INSERT [dbo].[images] ([id], [title], [publish_date], [link], [deleted_at], [user_id], [album_id]) VALUES (684, N'Mariola', CAST(N'2022-03-11T00:00:00' AS SmallDateTime), N'http://dummyimage.com/1113x1306.png/cc0000/ffffff', NULL, 63, 65)
GO
INSERT [dbo].[images] ([id], [title], [publish_date], [link], [deleted_at], [user_id], [album_id]) VALUES (685, N'Yellow Rabbitbrush', CAST(N'2021-01-05T00:00:00' AS SmallDateTime), N'http://dummyimage.com/1134x1786.png/cc0000/ffffff', NULL, 91, 57)
GO
INSERT [dbo].[images] ([id], [title], [publish_date], [link], [deleted_at], [user_id], [album_id]) VALUES (686, N'Yosemite Buckthorn', CAST(N'2022-03-08T00:00:00' AS SmallDateTime), N'http://dummyimage.com/1451x1316.png/ff4444/ffffff', NULL, 31, 57)
GO
INSERT [dbo].[images] ([id], [title], [publish_date], [link], [deleted_at], [user_id], [album_id]) VALUES (687, N'Shade Bluebells', CAST(N'2021-03-24T00:00:00' AS SmallDateTime), N'http://dummyimage.com/1777x1139.png/cc0000/ffffff', NULL, 31, 64)
GO
INSERT [dbo].[images] ([id], [title], [publish_date], [link], [deleted_at], [user_id], [album_id]) VALUES (688, N'Coon''s Tail', CAST(N'2021-02-25T00:00:00' AS SmallDateTime), N'http://dummyimage.com/1745x1048.png/cc0000/ffffff', NULL, 5, 40)
GO
INSERT [dbo].[images] ([id], [title], [publish_date], [link], [deleted_at], [user_id], [album_id]) VALUES (689, N'Pepino', CAST(N'2021-11-03T00:00:00' AS SmallDateTime), N'http://dummyimage.com/1932x1953.png/5fa2dd/ffffff', NULL, 102, 7)
GO
INSERT [dbo].[images] ([id], [title], [publish_date], [link], [deleted_at], [user_id], [album_id]) VALUES (690, N'Kaibab Agave', CAST(N'2021-01-14T00:00:00' AS SmallDateTime), N'http://dummyimage.com/1572x1932.png/5fa2dd/ffffff', NULL, 11, 4)
GO
INSERT [dbo].[images] ([id], [title], [publish_date], [link], [deleted_at], [user_id], [album_id]) VALUES (691, N'Common Ninebark', CAST(N'2021-03-21T00:00:00' AS SmallDateTime), N'http://dummyimage.com/1430x1764.png/cc0000/ffffff', NULL, 146, 9)
GO
INSERT [dbo].[images] ([id], [title], [publish_date], [link], [deleted_at], [user_id], [album_id]) VALUES (692, N'Black Ironbox', CAST(N'2021-10-26T00:00:00' AS SmallDateTime), N'http://dummyimage.com/1153x1952.png/cc0000/ffffff', NULL, 193, 53)
GO
INSERT [dbo].[images] ([id], [title], [publish_date], [link], [deleted_at], [user_id], [album_id]) VALUES (693, N'Commelina', CAST(N'2021-01-28T00:00:00' AS SmallDateTime), N'http://dummyimage.com/1270x1655.png/dddddd/000000', NULL, 78, 4)
GO
INSERT [dbo].[images] ([id], [title], [publish_date], [link], [deleted_at], [user_id], [album_id]) VALUES (694, N'Florke''s Cup Lichen', CAST(N'2021-08-01T00:00:00' AS SmallDateTime), N'http://dummyimage.com/1451x1688.png/cc0000/ffffff', NULL, 128, 64)
GO
INSERT [dbo].[images] ([id], [title], [publish_date], [link], [deleted_at], [user_id], [album_id]) VALUES (695, N'Michaux''s Stitchwort', CAST(N'2021-01-07T00:00:00' AS SmallDateTime), N'http://dummyimage.com/1904x1900.png/dddddd/000000', NULL, 125, 20)
GO
INSERT [dbo].[images] ([id], [title], [publish_date], [link], [deleted_at], [user_id], [album_id]) VALUES (696, N'Smooth Phacelia', CAST(N'2021-11-12T00:00:00' AS SmallDateTime), N'http://dummyimage.com/1410x1758.png/cc0000/ffffff', NULL, 36, 66)
GO
INSERT [dbo].[images] ([id], [title], [publish_date], [link], [deleted_at], [user_id], [album_id]) VALUES (697, N'Pleurochaete Moss', CAST(N'2021-10-04T00:00:00' AS SmallDateTime), N'http://dummyimage.com/1819x1699.png/ff4444/ffffff', NULL, 84, 68)
GO
INSERT [dbo].[images] ([id], [title], [publish_date], [link], [deleted_at], [user_id], [album_id]) VALUES (698, N'Uinta Basin Cryptantha', CAST(N'2021-12-21T00:00:00' AS SmallDateTime), N'http://dummyimage.com/1809x1429.png/5fa2dd/ffffff', CAST(N'2021-08-15T00:00:00' AS SmallDateTime), 2, 8)
GO
INSERT [dbo].[images] ([id], [title], [publish_date], [link], [deleted_at], [user_id], [album_id]) VALUES (699, N'Thicksepal Cryptantha', CAST(N'2022-04-15T00:00:00' AS SmallDateTime), N'http://dummyimage.com/1256x1007.png/5fa2dd/ffffff', NULL, 23, 44)
GO
INSERT [dbo].[images] ([id], [title], [publish_date], [link], [deleted_at], [user_id], [album_id]) VALUES (700, N'Fowler''s Knotweed', CAST(N'2021-07-24T00:00:00' AS SmallDateTime), N'http://dummyimage.com/1471x1880.png/5fa2dd/ffffff', CAST(N'2021-12-25T00:00:00' AS SmallDateTime), 181, 23)
GO
INSERT [dbo].[images] ([id], [title], [publish_date], [link], [deleted_at], [user_id], [album_id]) VALUES (701, N'Melonleaf Nightshade', CAST(N'2021-08-11T00:00:00' AS SmallDateTime), N'http://dummyimage.com/1936x1835.png/5fa2dd/ffffff', NULL, 87, 54)
GO
INSERT [dbo].[images] ([id], [title], [publish_date], [link], [deleted_at], [user_id], [album_id]) VALUES (702, N'Bellyache Bush', CAST(N'2021-09-09T00:00:00' AS SmallDateTime), N'http://dummyimage.com/1702x1444.png/dddddd/000000', NULL, 139, 35)
GO
INSERT [dbo].[images] ([id], [title], [publish_date], [link], [deleted_at], [user_id], [album_id]) VALUES (703, N'Vanilla', CAST(N'2021-07-17T00:00:00' AS SmallDateTime), N'http://dummyimage.com/1106x1075.png/ff4444/ffffff', NULL, 164, 51)
GO
INSERT [dbo].[images] ([id], [title], [publish_date], [link], [deleted_at], [user_id], [album_id]) VALUES (704, N'Hyssopleaf Hedgenettle', CAST(N'2021-08-14T00:00:00' AS SmallDateTime), N'http://dummyimage.com/1904x1855.png/5fa2dd/ffffff', NULL, 167, 43)
GO
INSERT [dbo].[images] ([id], [title], [publish_date], [link], [deleted_at], [user_id], [album_id]) VALUES (705, N'Shield Lichen', CAST(N'2021-04-05T00:00:00' AS SmallDateTime), N'http://dummyimage.com/1059x1283.png/ff4444/ffffff', NULL, 194, 43)
GO
INSERT [dbo].[images] ([id], [title], [publish_date], [link], [deleted_at], [user_id], [album_id]) VALUES (706, N'Eyebright', CAST(N'2021-06-09T00:00:00' AS SmallDateTime), N'http://dummyimage.com/1119x1068.png/cc0000/ffffff', NULL, 75, 42)
GO
INSERT [dbo].[images] ([id], [title], [publish_date], [link], [deleted_at], [user_id], [album_id]) VALUES (707, N'Pentaclethra', CAST(N'2022-03-08T00:00:00' AS SmallDateTime), N'http://dummyimage.com/1922x1442.png/5fa2dd/ffffff', NULL, 64, 5)
GO
INSERT [dbo].[images] ([id], [title], [publish_date], [link], [deleted_at], [user_id], [album_id]) VALUES (708, N'Bornholm''s Bryum Moss', CAST(N'2022-02-05T00:00:00' AS SmallDateTime), N'http://dummyimage.com/1424x1192.png/cc0000/ffffff', NULL, 109, 42)
GO
INSERT [dbo].[images] ([id], [title], [publish_date], [link], [deleted_at], [user_id], [album_id]) VALUES (709, N'Dalbergia', CAST(N'2021-07-28T00:00:00' AS SmallDateTime), N'http://dummyimage.com/1795x1252.png/dddddd/000000', NULL, 179, 36)
GO
INSERT [dbo].[images] ([id], [title], [publish_date], [link], [deleted_at], [user_id], [album_id]) VALUES (710, N'Narrowleaf Thorow Wax', CAST(N'2021-09-15T00:00:00' AS SmallDateTime), N'http://dummyimage.com/1706x1579.png/ff4444/ffffff', NULL, 90, 26)
GO
INSERT [dbo].[images] ([id], [title], [publish_date], [link], [deleted_at], [user_id], [album_id]) VALUES (711, N'Beard Lichen', CAST(N'2022-02-26T00:00:00' AS SmallDateTime), N'http://dummyimage.com/1285x1327.png/5fa2dd/ffffff', NULL, 77, 20)
GO
INSERT [dbo].[images] ([id], [title], [publish_date], [link], [deleted_at], [user_id], [album_id]) VALUES (712, N'Purple Smallreed', CAST(N'2021-10-21T00:00:00' AS SmallDateTime), N'http://dummyimage.com/1227x1027.png/5fa2dd/ffffff', NULL, 161, 20)
GO
INSERT [dbo].[images] ([id], [title], [publish_date], [link], [deleted_at], [user_id], [album_id]) VALUES (713, N'Alva Day''s Pincushionplant', CAST(N'2021-10-08T00:00:00' AS SmallDateTime), N'http://dummyimage.com/1724x1180.png/5fa2dd/ffffff', NULL, 84, 40)
GO
INSERT [dbo].[images] ([id], [title], [publish_date], [link], [deleted_at], [user_id], [album_id]) VALUES (714, N'Brewer''s Rockcress', CAST(N'2022-02-14T00:00:00' AS SmallDateTime), N'http://dummyimage.com/1016x1109.png/dddddd/000000', NULL, 135, 3)
GO
INSERT [dbo].[images] ([id], [title], [publish_date], [link], [deleted_at], [user_id], [album_id]) VALUES (715, N'Pore Lichen', CAST(N'2021-10-15T00:00:00' AS SmallDateTime), N'http://dummyimage.com/1583x1438.png/ff4444/ffffff', NULL, 98, 42)
GO
INSERT [dbo].[images] ([id], [title], [publish_date], [link], [deleted_at], [user_id], [album_id]) VALUES (716, N'Shrubby Bedstraw', CAST(N'2022-04-07T00:00:00' AS SmallDateTime), N'http://dummyimage.com/1012x1560.png/5fa2dd/ffffff', NULL, 58, 30)
GO
INSERT [dbo].[images] ([id], [title], [publish_date], [link], [deleted_at], [user_id], [album_id]) VALUES (717, N'Douglas'' Ragwort', CAST(N'2021-10-09T00:00:00' AS SmallDateTime), N'http://dummyimage.com/1104x1240.png/5fa2dd/ffffff', NULL, 62, 47)
GO
INSERT [dbo].[images] ([id], [title], [publish_date], [link], [deleted_at], [user_id], [album_id]) VALUES (718, N'Berlandier''s Indian Mallow', CAST(N'2021-09-09T00:00:00' AS SmallDateTime), N'http://dummyimage.com/1924x1514.png/5fa2dd/ffffff', NULL, 39, 46)
GO
INSERT [dbo].[images] ([id], [title], [publish_date], [link], [deleted_at], [user_id], [album_id]) VALUES (719, N'Yellow Hedgehyssop', CAST(N'2021-12-24T00:00:00' AS SmallDateTime), N'http://dummyimage.com/1249x1339.png/5fa2dd/ffffff', NULL, 55, 29)
GO
INSERT [dbo].[images] ([id], [title], [publish_date], [link], [deleted_at], [user_id], [album_id]) VALUES (720, N'Common Rivergrass', CAST(N'2021-03-28T00:00:00' AS SmallDateTime), N'http://dummyimage.com/1821x1195.png/5fa2dd/ffffff', NULL, 16, 53)
GO
INSERT [dbo].[images] ([id], [title], [publish_date], [link], [deleted_at], [user_id], [album_id]) VALUES (721, N'Distictis', CAST(N'2022-05-17T00:00:00' AS SmallDateTime), N'http://dummyimage.com/1677x1770.png/ff4444/ffffff', NULL, 192, 15)
GO
INSERT [dbo].[images] ([id], [title], [publish_date], [link], [deleted_at], [user_id], [album_id]) VALUES (722, N'Eastern Redbud', CAST(N'2022-04-12T00:00:00' AS SmallDateTime), N'http://dummyimage.com/1226x1928.png/5fa2dd/ffffff', NULL, 196, 67)
GO
INSERT [dbo].[images] ([id], [title], [publish_date], [link], [deleted_at], [user_id], [album_id]) VALUES (723, N'Variable Orange Lichen', CAST(N'2021-03-12T00:00:00' AS SmallDateTime), N'http://dummyimage.com/1660x1949.png/ff4444/ffffff', NULL, 55, 60)
GO
INSERT [dbo].[images] ([id], [title], [publish_date], [link], [deleted_at], [user_id], [album_id]) VALUES (724, N'Bahama Nightshade', CAST(N'2021-11-29T00:00:00' AS SmallDateTime), N'http://dummyimage.com/1262x1972.png/dddddd/000000', NULL, 174, 38)
GO
INSERT [dbo].[images] ([id], [title], [publish_date], [link], [deleted_at], [user_id], [album_id]) VALUES (725, N'Galactic Dot Lichen', CAST(N'2021-05-22T00:00:00' AS SmallDateTime), N'http://dummyimage.com/1248x1620.png/cc0000/ffffff', NULL, 32, 51)
GO
INSERT [dbo].[images] ([id], [title], [publish_date], [link], [deleted_at], [user_id], [album_id]) VALUES (726, N'Lehua Papa', CAST(N'2022-01-21T00:00:00' AS SmallDateTime), N'http://dummyimage.com/1380x1744.png/cc0000/ffffff', NULL, 73, 39)
GO
INSERT [dbo].[images] ([id], [title], [publish_date], [link], [deleted_at], [user_id], [album_id]) VALUES (727, N'Silvertop-ash', CAST(N'2021-06-27T00:00:00' AS SmallDateTime), N'http://dummyimage.com/1111x1785.png/ff4444/ffffff', NULL, 150, 17)
GO
INSERT [dbo].[images] ([id], [title], [publish_date], [link], [deleted_at], [user_id], [album_id]) VALUES (728, N'Sideoats Grama', CAST(N'2021-05-01T00:00:00' AS SmallDateTime), N'http://dummyimage.com/1866x1154.png/dddddd/000000', NULL, 74, 61)
GO
INSERT [dbo].[images] ([id], [title], [publish_date], [link], [deleted_at], [user_id], [album_id]) VALUES (729, N'Selinum', CAST(N'2021-04-20T00:00:00' AS SmallDateTime), N'http://dummyimage.com/1646x1934.png/cc0000/ffffff', NULL, 104, 37)
GO
INSERT [dbo].[images] ([id], [title], [publish_date], [link], [deleted_at], [user_id], [album_id]) VALUES (730, N'Night Scented Orchid', CAST(N'2022-04-05T00:00:00' AS SmallDateTime), N'http://dummyimage.com/1218x1642.png/cc0000/ffffff', NULL, 155, 57)
GO
INSERT [dbo].[images] ([id], [title], [publish_date], [link], [deleted_at], [user_id], [album_id]) VALUES (731, N'Starflower Pincushions', CAST(N'2021-01-03T00:00:00' AS SmallDateTime), N'http://dummyimage.com/1092x1402.png/cc0000/ffffff', NULL, 144, 13)
GO
INSERT [dbo].[images] ([id], [title], [publish_date], [link], [deleted_at], [user_id], [album_id]) VALUES (732, N'Dogwood', CAST(N'2021-10-19T00:00:00' AS SmallDateTime), N'http://dummyimage.com/1601x1589.png/5fa2dd/ffffff', NULL, 12, 39)
GO
INSERT [dbo].[images] ([id], [title], [publish_date], [link], [deleted_at], [user_id], [album_id]) VALUES (733, N'Anil De Pasto', CAST(N'2022-05-05T00:00:00' AS SmallDateTime), N'http://dummyimage.com/1685x1798.png/5fa2dd/ffffff', NULL, 107, 37)
GO
INSERT [dbo].[images] ([id], [title], [publish_date], [link], [deleted_at], [user_id], [album_id]) VALUES (734, N'Foldedleaf Grass', CAST(N'2021-05-01T00:00:00' AS SmallDateTime), N'http://dummyimage.com/1769x1098.png/cc0000/ffffff', NULL, 169, 13)
GO
INSERT [dbo].[images] ([id], [title], [publish_date], [link], [deleted_at], [user_id], [album_id]) VALUES (735, N'Zion Chickensage', CAST(N'2021-11-01T00:00:00' AS SmallDateTime), N'http://dummyimage.com/1967x1448.png/cc0000/ffffff', NULL, 15, 30)
GO
INSERT [dbo].[images] ([id], [title], [publish_date], [link], [deleted_at], [user_id], [album_id]) VALUES (736, N'Micropholis', CAST(N'2021-10-12T00:00:00' AS SmallDateTime), N'http://dummyimage.com/1292x1806.png/cc0000/ffffff', NULL, 112, 13)
GO
INSERT [dbo].[images] ([id], [title], [publish_date], [link], [deleted_at], [user_id], [album_id]) VALUES (737, N'Arizona Ticktrefoil', CAST(N'2021-10-21T00:00:00' AS SmallDateTime), N'http://dummyimage.com/1021x1927.png/ff4444/ffffff', NULL, 69, 12)
GO
INSERT [dbo].[images] ([id], [title], [publish_date], [link], [deleted_at], [user_id], [album_id]) VALUES (738, N'Northern Panicgrass', CAST(N'2021-09-09T00:00:00' AS SmallDateTime), N'http://dummyimage.com/1251x1696.png/dddddd/000000', NULL, 193, 64)
GO
INSERT [dbo].[images] ([id], [title], [publish_date], [link], [deleted_at], [user_id], [album_id]) VALUES (739, N'Butomus', CAST(N'2021-05-25T00:00:00' AS SmallDateTime), N'http://dummyimage.com/1861x1519.png/dddddd/000000', NULL, 72, 34)
GO
INSERT [dbo].[images] ([id], [title], [publish_date], [link], [deleted_at], [user_id], [album_id]) VALUES (740, N'Seaside Arrowgrass', CAST(N'2022-03-07T00:00:00' AS SmallDateTime), N'http://dummyimage.com/1667x1170.png/ff4444/ffffff', NULL, 66, 63)
GO
INSERT [dbo].[images] ([id], [title], [publish_date], [link], [deleted_at], [user_id], [album_id]) VALUES (741, N'Corema', CAST(N'2021-11-13T00:00:00' AS SmallDateTime), N'http://dummyimage.com/1185x1928.png/ff4444/ffffff', NULL, 70, 26)
GO
INSERT [dbo].[images] ([id], [title], [publish_date], [link], [deleted_at], [user_id], [album_id]) VALUES (742, N'Trianglelobe Moonwort', CAST(N'2021-12-09T00:00:00' AS SmallDateTime), N'http://dummyimage.com/1055x1579.png/ff4444/ffffff', NULL, 55, 38)
GO
INSERT [dbo].[images] ([id], [title], [publish_date], [link], [deleted_at], [user_id], [album_id]) VALUES (743, N'Silk Bay', CAST(N'2022-04-24T00:00:00' AS SmallDateTime), N'http://dummyimage.com/1803x1318.png/ff4444/ffffff', NULL, 95, 49)
GO
INSERT [dbo].[images] ([id], [title], [publish_date], [link], [deleted_at], [user_id], [album_id]) VALUES (744, N'Mendocino Gentian', CAST(N'2021-01-16T00:00:00' AS SmallDateTime), N'http://dummyimage.com/1689x1989.png/dddddd/000000', CAST(N'2021-08-01T00:00:00' AS SmallDateTime), 22, 49)
GO
INSERT [dbo].[images] ([id], [title], [publish_date], [link], [deleted_at], [user_id], [album_id]) VALUES (745, N'Redrattle', CAST(N'2021-11-16T00:00:00' AS SmallDateTime), N'http://dummyimage.com/1389x1113.png/5fa2dd/ffffff', NULL, 33, 20)
GO
INSERT [dbo].[images] ([id], [title], [publish_date], [link], [deleted_at], [user_id], [album_id]) VALUES (746, N'Guatemalan Avocado', CAST(N'2021-09-03T00:00:00' AS SmallDateTime), N'http://dummyimage.com/1158x1184.png/5fa2dd/ffffff', NULL, 101, 56)
GO
INSERT [dbo].[images] ([id], [title], [publish_date], [link], [deleted_at], [user_id], [album_id]) VALUES (747, N'Valley Violet', CAST(N'2022-04-04T00:00:00' AS SmallDateTime), N'http://dummyimage.com/1978x1148.png/5fa2dd/ffffff', NULL, 68, 35)
GO
INSERT [dbo].[images] ([id], [title], [publish_date], [link], [deleted_at], [user_id], [album_id]) VALUES (748, N'Fringepetal Kittentails', CAST(N'2021-07-31T00:00:00' AS SmallDateTime), N'http://dummyimage.com/1663x1898.png/5fa2dd/ffffff', NULL, 100, 37)
GO
INSERT [dbo].[images] ([id], [title], [publish_date], [link], [deleted_at], [user_id], [album_id]) VALUES (749, N'Arthothelium Lichen', CAST(N'2021-05-13T00:00:00' AS SmallDateTime), N'http://dummyimage.com/1768x1219.png/5fa2dd/ffffff', NULL, 98, 67)
GO
INSERT [dbo].[images] ([id], [title], [publish_date], [link], [deleted_at], [user_id], [album_id]) VALUES (750, N'David''s Spurge', CAST(N'2022-02-15T00:00:00' AS SmallDateTime), N'http://dummyimage.com/1670x1997.png/cc0000/ffffff', NULL, 82, 17)
GO
INSERT [dbo].[images] ([id], [title], [publish_date], [link], [deleted_at], [user_id], [album_id]) VALUES (751, N'Plateau Rocktrumpet', CAST(N'2022-01-03T00:00:00' AS SmallDateTime), N'http://dummyimage.com/1044x1888.png/dddddd/000000', NULL, 100, 12)
GO
INSERT [dbo].[images] ([id], [title], [publish_date], [link], [deleted_at], [user_id], [album_id]) VALUES (752, N'Hillebrand''s Flatsedge', CAST(N'2022-01-30T00:00:00' AS SmallDateTime), N'http://dummyimage.com/1984x1948.png/cc0000/ffffff', NULL, 43, 40)
GO
INSERT [dbo].[images] ([id], [title], [publish_date], [link], [deleted_at], [user_id], [album_id]) VALUES (753, N'Earth Lichen', CAST(N'2021-03-24T00:00:00' AS SmallDateTime), N'http://dummyimage.com/1896x1435.png/5fa2dd/ffffff', NULL, 91, 45)
GO
INSERT [dbo].[images] ([id], [title], [publish_date], [link], [deleted_at], [user_id], [album_id]) VALUES (754, N'Thread Rush', CAST(N'2022-01-31T00:00:00' AS SmallDateTime), N'http://dummyimage.com/1670x1345.png/ff4444/ffffff', NULL, 47, 56)
GO
INSERT [dbo].[images] ([id], [title], [publish_date], [link], [deleted_at], [user_id], [album_id]) VALUES (755, N'Arctoparmelia Lichen', CAST(N'2022-05-04T00:00:00' AS SmallDateTime), N'http://dummyimage.com/1084x1995.png/dddddd/000000', NULL, 96, 19)
GO
INSERT [dbo].[images] ([id], [title], [publish_date], [link], [deleted_at], [user_id], [album_id]) VALUES (756, N'Gander''s Buckhorn Cholla', CAST(N'2021-12-31T00:00:00' AS SmallDateTime), N'http://dummyimage.com/1652x1054.png/5fa2dd/ffffff', NULL, 71, 68)
GO
INSERT [dbo].[images] ([id], [title], [publish_date], [link], [deleted_at], [user_id], [album_id]) VALUES (757, N'Holzinger''s Venus'' Looking-glass', CAST(N'2021-08-01T00:00:00' AS SmallDateTime), N'http://dummyimage.com/1371x1050.png/dddddd/000000', NULL, 112, 50)
GO
INSERT [dbo].[images] ([id], [title], [publish_date], [link], [deleted_at], [user_id], [album_id]) VALUES (758, N'Trecul''s Pricklyleaf', CAST(N'2021-06-13T00:00:00' AS SmallDateTime), N'http://dummyimage.com/1645x1454.png/5fa2dd/ffffff', NULL, 98, 42)
GO
INSERT [dbo].[images] ([id], [title], [publish_date], [link], [deleted_at], [user_id], [album_id]) VALUES (759, N'Heliograph Peak Fleabane', CAST(N'2022-02-12T00:00:00' AS SmallDateTime), N'http://dummyimage.com/1591x1562.png/dddddd/000000', NULL, 37, 12)
GO
INSERT [dbo].[images] ([id], [title], [publish_date], [link], [deleted_at], [user_id], [album_id]) VALUES (760, N'Gairdner''s Beardtongue', CAST(N'2022-02-22T00:00:00' AS SmallDateTime), N'http://dummyimage.com/1728x1866.png/cc0000/ffffff', NULL, 175, 6)
GO
INSERT [dbo].[images] ([id], [title], [publish_date], [link], [deleted_at], [user_id], [album_id]) VALUES (761, N'Reindeer Lichen', CAST(N'2021-04-06T00:00:00' AS SmallDateTime), N'http://dummyimage.com/1655x1044.png/cc0000/ffffff', NULL, 148, 13)
GO
INSERT [dbo].[images] ([id], [title], [publish_date], [link], [deleted_at], [user_id], [album_id]) VALUES (762, N'Yellowray Goldfields', CAST(N'2021-03-15T00:00:00' AS SmallDateTime), N'http://dummyimage.com/1604x1480.png/5fa2dd/ffffff', NULL, 52, 59)
GO
INSERT [dbo].[images] ([id], [title], [publish_date], [link], [deleted_at], [user_id], [album_id]) VALUES (763, N'Parry''s Silene', CAST(N'2021-03-27T00:00:00' AS SmallDateTime), N'http://dummyimage.com/1184x1665.png/dddddd/000000', NULL, 140, 32)
GO
INSERT [dbo].[images] ([id], [title], [publish_date], [link], [deleted_at], [user_id], [album_id]) VALUES (764, N'Rim Lichen', CAST(N'2022-02-20T00:00:00' AS SmallDateTime), N'http://dummyimage.com/1322x1138.png/ff4444/ffffff', NULL, 199, 62)
GO
INSERT [dbo].[images] ([id], [title], [publish_date], [link], [deleted_at], [user_id], [album_id]) VALUES (765, N'Appalachian Barren Strawberry', CAST(N'2021-03-29T00:00:00' AS SmallDateTime), N'http://dummyimage.com/1264x1115.png/cc0000/ffffff', CAST(N'2022-03-14T00:00:00' AS SmallDateTime), 56, 46)
GO
INSERT [dbo].[images] ([id], [title], [publish_date], [link], [deleted_at], [user_id], [album_id]) VALUES (766, N'Tropical Leafbract', CAST(N'2022-02-03T00:00:00' AS SmallDateTime), N'http://dummyimage.com/1018x1715.png/ff4444/ffffff', NULL, 114, 48)
GO
INSERT [dbo].[images] ([id], [title], [publish_date], [link], [deleted_at], [user_id], [album_id]) VALUES (767, N'Woodland Wild Coffee', CAST(N'2021-06-02T00:00:00' AS SmallDateTime), N'http://dummyimage.com/1400x1556.png/5fa2dd/ffffff', NULL, 23, 38)
GO
INSERT [dbo].[images] ([id], [title], [publish_date], [link], [deleted_at], [user_id], [album_id]) VALUES (768, N'Maxon''s Cloak Fern', CAST(N'2022-03-29T00:00:00' AS SmallDateTime), N'http://dummyimage.com/1147x1935.png/ff4444/ffffff', NULL, 118, 66)
GO
INSERT [dbo].[images] ([id], [title], [publish_date], [link], [deleted_at], [user_id], [album_id]) VALUES (769, N'Lesser California Rayless Fleabane', CAST(N'2021-02-16T00:00:00' AS SmallDateTime), N'http://dummyimage.com/1591x1511.png/5fa2dd/ffffff', NULL, 100, 15)
GO
INSERT [dbo].[images] ([id], [title], [publish_date], [link], [deleted_at], [user_id], [album_id]) VALUES (770, N'Alaskan Mountain-avens', CAST(N'2022-03-22T00:00:00' AS SmallDateTime), N'http://dummyimage.com/1072x1780.png/cc0000/ffffff', NULL, 10, 62)
GO
INSERT [dbo].[images] ([id], [title], [publish_date], [link], [deleted_at], [user_id], [album_id]) VALUES (771, N'Floating Primrose-willow', CAST(N'2021-06-21T00:00:00' AS SmallDateTime), N'http://dummyimage.com/1278x1233.png/cc0000/ffffff', NULL, 30, 11)
GO
INSERT [dbo].[images] ([id], [title], [publish_date], [link], [deleted_at], [user_id], [album_id]) VALUES (772, N'Hedge Maple', CAST(N'2021-02-19T00:00:00' AS SmallDateTime), N'http://dummyimage.com/1768x1313.png/ff4444/ffffff', NULL, 83, 17)
GO
INSERT [dbo].[images] ([id], [title], [publish_date], [link], [deleted_at], [user_id], [album_id]) VALUES (773, N'Japanese False Bindweed', CAST(N'2021-05-27T00:00:00' AS SmallDateTime), N'http://dummyimage.com/1459x1309.png/ff4444/ffffff', NULL, 192, 36)
GO
INSERT [dbo].[images] ([id], [title], [publish_date], [link], [deleted_at], [user_id], [album_id]) VALUES (774, N'Drummond''s Plagiomnium Moss', CAST(N'2022-01-19T00:00:00' AS SmallDateTime), N'http://dummyimage.com/1929x1228.png/dddddd/000000', NULL, 9, 4)
GO
INSERT [dbo].[images] ([id], [title], [publish_date], [link], [deleted_at], [user_id], [album_id]) VALUES (775, N'Florida Lecidea Lichen', CAST(N'2021-03-20T00:00:00' AS SmallDateTime), N'http://dummyimage.com/1260x1644.png/5fa2dd/ffffff', NULL, 114, 19)
GO
INSERT [dbo].[images] ([id], [title], [publish_date], [link], [deleted_at], [user_id], [album_id]) VALUES (776, N'Pine Rose', CAST(N'2021-10-08T00:00:00' AS SmallDateTime), N'http://dummyimage.com/1278x1061.png/cc0000/ffffff', NULL, 57, 6)
GO
INSERT [dbo].[images] ([id], [title], [publish_date], [link], [deleted_at], [user_id], [album_id]) VALUES (777, N'Crinkleawn Grass', CAST(N'2022-03-28T00:00:00' AS SmallDateTime), N'http://dummyimage.com/1748x1852.png/5fa2dd/ffffff', NULL, 84, 4)
GO
INSERT [dbo].[images] ([id], [title], [publish_date], [link], [deleted_at], [user_id], [album_id]) VALUES (778, N'Arthothelium Lichen', CAST(N'2022-05-19T00:00:00' AS SmallDateTime), N'http://dummyimage.com/1665x1165.png/dddddd/000000', CAST(N'2021-08-29T00:00:00' AS SmallDateTime), 25, 67)
GO
INSERT [dbo].[images] ([id], [title], [publish_date], [link], [deleted_at], [user_id], [album_id]) VALUES (779, N'Utah Angelica', CAST(N'2022-03-26T00:00:00' AS SmallDateTime), N'http://dummyimage.com/1275x1748.png/cc0000/ffffff', NULL, 149, 22)
GO
INSERT [dbo].[images] ([id], [title], [publish_date], [link], [deleted_at], [user_id], [album_id]) VALUES (780, N'West Indian Pinkroot', CAST(N'2022-03-23T00:00:00' AS SmallDateTime), N'http://dummyimage.com/1014x1913.png/cc0000/ffffff', NULL, 200, 54)
GO
INSERT [dbo].[images] ([id], [title], [publish_date], [link], [deleted_at], [user_id], [album_id]) VALUES (781, N'Arrow Poision Plant', CAST(N'2022-03-17T00:00:00' AS SmallDateTime), N'http://dummyimage.com/1061x1767.png/5fa2dd/ffffff', NULL, 146, 54)
GO
INSERT [dbo].[images] ([id], [title], [publish_date], [link], [deleted_at], [user_id], [album_id]) VALUES (782, N'Southern Suncup', CAST(N'2021-10-01T00:00:00' AS SmallDateTime), N'http://dummyimage.com/1832x1090.png/cc0000/ffffff', NULL, 81, 55)
GO
INSERT [dbo].[images] ([id], [title], [publish_date], [link], [deleted_at], [user_id], [album_id]) VALUES (783, N'Uvilla', CAST(N'2022-01-26T00:00:00' AS SmallDateTime), N'http://dummyimage.com/1099x1722.png/cc0000/ffffff', NULL, 85, 13)
GO
INSERT [dbo].[images] ([id], [title], [publish_date], [link], [deleted_at], [user_id], [album_id]) VALUES (784, N'Chocolate Chip Lichen', CAST(N'2022-02-28T00:00:00' AS SmallDateTime), N'http://dummyimage.com/1649x1982.png/5fa2dd/ffffff', NULL, 17, 36)
GO
INSERT [dbo].[images] ([id], [title], [publish_date], [link], [deleted_at], [user_id], [album_id]) VALUES (785, N'Underwood''s Spikemoss', CAST(N'2021-01-17T00:00:00' AS SmallDateTime), N'http://dummyimage.com/1241x1754.png/5fa2dd/ffffff', NULL, 73, 33)
GO
INSERT [dbo].[images] ([id], [title], [publish_date], [link], [deleted_at], [user_id], [album_id]) VALUES (786, N'Egyptian Marjoram', CAST(N'2022-04-25T00:00:00' AS SmallDateTime), N'http://dummyimage.com/1889x1229.png/ff4444/ffffff', NULL, 93, 16)
GO
INSERT [dbo].[images] ([id], [title], [publish_date], [link], [deleted_at], [user_id], [album_id]) VALUES (787, N'Viburnum', CAST(N'2021-10-10T00:00:00' AS SmallDateTime), N'http://dummyimage.com/1627x1265.png/cc0000/ffffff', NULL, 55, 67)
GO
INSERT [dbo].[images] ([id], [title], [publish_date], [link], [deleted_at], [user_id], [album_id]) VALUES (788, N'Pseudocryphaea Moss', CAST(N'2022-04-26T00:00:00' AS SmallDateTime), N'http://dummyimage.com/1636x1047.png/5fa2dd/ffffff', NULL, 137, 8)
GO
INSERT [dbo].[images] ([id], [title], [publish_date], [link], [deleted_at], [user_id], [album_id]) VALUES (789, N'Gambel Oak', CAST(N'2021-05-17T00:00:00' AS SmallDateTime), N'http://dummyimage.com/1186x1284.png/cc0000/ffffff', NULL, 38, 21)
GO
INSERT [dbo].[images] ([id], [title], [publish_date], [link], [deleted_at], [user_id], [album_id]) VALUES (790, N'Jelly Lichen', CAST(N'2021-12-29T00:00:00' AS SmallDateTime), N'http://dummyimage.com/1001x1080.png/ff4444/ffffff', NULL, 105, 63)
GO
INSERT [dbo].[images] ([id], [title], [publish_date], [link], [deleted_at], [user_id], [album_id]) VALUES (791, N'Goutystalk Nettlespurge', CAST(N'2021-12-05T00:00:00' AS SmallDateTime), N'http://dummyimage.com/1335x1781.png/dddddd/000000', NULL, 72, 61)
GO
INSERT [dbo].[images] ([id], [title], [publish_date], [link], [deleted_at], [user_id], [album_id]) VALUES (792, N'Spotted Beebalm', CAST(N'2022-05-17T00:00:00' AS SmallDateTime), N'http://dummyimage.com/1147x1795.png/5fa2dd/ffffff', NULL, 170, 64)
GO
INSERT [dbo].[images] ([id], [title], [publish_date], [link], [deleted_at], [user_id], [album_id]) VALUES (793, N'Smallcane', CAST(N'2021-08-08T00:00:00' AS SmallDateTime), N'http://dummyimage.com/1650x1981.png/5fa2dd/ffffff', CAST(N'2022-02-01T00:00:00' AS SmallDateTime), 9, 66)
GO
INSERT [dbo].[images] ([id], [title], [publish_date], [link], [deleted_at], [user_id], [album_id]) VALUES (794, N'Pale Monardella', CAST(N'2022-02-03T00:00:00' AS SmallDateTime), N'http://dummyimage.com/1180x1782.png/dddddd/000000', NULL, 46, 42)
GO
INSERT [dbo].[images] ([id], [title], [publish_date], [link], [deleted_at], [user_id], [album_id]) VALUES (795, N'Nodding Fescue', CAST(N'2022-04-04T00:00:00' AS SmallDateTime), N'http://dummyimage.com/1958x1384.png/ff4444/ffffff', NULL, 62, 24)
GO
INSERT [dbo].[images] ([id], [title], [publish_date], [link], [deleted_at], [user_id], [album_id]) VALUES (796, N'Guayabacon', CAST(N'2021-05-03T00:00:00' AS SmallDateTime), N'http://dummyimage.com/1851x1490.png/ff4444/ffffff', NULL, 83, 66)
GO
INSERT [dbo].[images] ([id], [title], [publish_date], [link], [deleted_at], [user_id], [album_id]) VALUES (797, N'Starflower Brodiaea', CAST(N'2021-08-11T00:00:00' AS SmallDateTime), N'http://dummyimage.com/1817x1329.png/cc0000/ffffff', NULL, 134, 44)
GO
INSERT [dbo].[images] ([id], [title], [publish_date], [link], [deleted_at], [user_id], [album_id]) VALUES (798, N'Cyrto-hypnum Moss', CAST(N'2021-09-03T00:00:00' AS SmallDateTime), N'http://dummyimage.com/1616x1484.png/5fa2dd/ffffff', NULL, 113, 13)
GO
INSERT [dbo].[images] ([id], [title], [publish_date], [link], [deleted_at], [user_id], [album_id]) VALUES (799, N'Hoary Brome', CAST(N'2021-01-30T00:00:00' AS SmallDateTime), N'http://dummyimage.com/1049x1352.png/5fa2dd/ffffff', NULL, 1, 26)
GO
INSERT [dbo].[images] ([id], [title], [publish_date], [link], [deleted_at], [user_id], [album_id]) VALUES (800, N'Abietinella Moss', CAST(N'2021-06-18T00:00:00' AS SmallDateTime), N'http://dummyimage.com/1356x1570.png/cc0000/ffffff', NULL, 5, 45)
GO
INSERT [dbo].[images] ([id], [title], [publish_date], [link], [deleted_at], [user_id], [album_id]) VALUES (801, N'Ballhead Sandwort', CAST(N'2022-05-01T00:00:00' AS SmallDateTime), N'http://dummyimage.com/1317x1762.png/5fa2dd/ffffff', NULL, 198, 6)
GO
INSERT [dbo].[images] ([id], [title], [publish_date], [link], [deleted_at], [user_id], [album_id]) VALUES (802, N'Rinodina Lichen', CAST(N'2021-09-02T00:00:00' AS SmallDateTime), N'http://dummyimage.com/1621x1125.png/cc0000/ffffff', NULL, 156, 66)
GO
INSERT [dbo].[images] ([id], [title], [publish_date], [link], [deleted_at], [user_id], [album_id]) VALUES (803, N'Annual Desert Milkvetch', CAST(N'2022-01-04T00:00:00' AS SmallDateTime), N'http://dummyimage.com/1957x1860.png/ff4444/ffffff', NULL, 88, 11)
GO
INSERT [dbo].[images] ([id], [title], [publish_date], [link], [deleted_at], [user_id], [album_id]) VALUES (804, N'Slender Rattlesnakeroot', CAST(N'2021-05-12T00:00:00' AS SmallDateTime), N'http://dummyimage.com/1362x1140.png/ff4444/ffffff', NULL, 117, 22)
GO
INSERT [dbo].[images] ([id], [title], [publish_date], [link], [deleted_at], [user_id], [album_id]) VALUES (805, N'Vaucher''s Hypnum Moss', CAST(N'2021-10-12T00:00:00' AS SmallDateTime), N'http://dummyimage.com/1445x1110.png/cc0000/ffffff', NULL, 157, 61)
GO
INSERT [dbo].[images] ([id], [title], [publish_date], [link], [deleted_at], [user_id], [album_id]) VALUES (806, N'Candle Cholla', CAST(N'2021-12-31T00:00:00' AS SmallDateTime), N'http://dummyimage.com/1829x1931.png/dddddd/000000', NULL, 37, 27)
GO
INSERT [dbo].[images] ([id], [title], [publish_date], [link], [deleted_at], [user_id], [album_id]) VALUES (807, N'Racomitrium Moss', CAST(N'2021-10-01T00:00:00' AS SmallDateTime), N'http://dummyimage.com/1569x1890.png/dddddd/000000', NULL, 22, 16)
GO
INSERT [dbo].[images] ([id], [title], [publish_date], [link], [deleted_at], [user_id], [album_id]) VALUES (808, N'Giant Coreopsis', CAST(N'2021-07-25T00:00:00' AS SmallDateTime), N'http://dummyimage.com/1235x1445.png/5fa2dd/ffffff', NULL, 64, 27)
GO
INSERT [dbo].[images] ([id], [title], [publish_date], [link], [deleted_at], [user_id], [album_id]) VALUES (809, N'Echites', CAST(N'2021-04-12T00:00:00' AS SmallDateTime), N'http://dummyimage.com/1605x1984.png/5fa2dd/ffffff', NULL, 35, 64)
GO
INSERT [dbo].[images] ([id], [title], [publish_date], [link], [deleted_at], [user_id], [album_id]) VALUES (810, N'Common Yarrow', CAST(N'2021-02-24T00:00:00' AS SmallDateTime), N'http://dummyimage.com/1874x1623.png/cc0000/ffffff', NULL, 78, 68)
GO
INSERT [dbo].[images] ([id], [title], [publish_date], [link], [deleted_at], [user_id], [album_id]) VALUES (811, N'Evergreen Everlasting', CAST(N'2021-10-26T00:00:00' AS SmallDateTime), N'http://dummyimage.com/1727x1910.png/cc0000/ffffff', NULL, 180, 37)
GO
INSERT [dbo].[images] ([id], [title], [publish_date], [link], [deleted_at], [user_id], [album_id]) VALUES (812, N'Indian Walnut', CAST(N'2021-03-25T00:00:00' AS SmallDateTime), N'http://dummyimage.com/1050x1046.png/cc0000/ffffff', NULL, 29, 25)
GO
INSERT [dbo].[images] ([id], [title], [publish_date], [link], [deleted_at], [user_id], [album_id]) VALUES (813, N'Pteroglossaspis', CAST(N'2021-01-06T00:00:00' AS SmallDateTime), N'http://dummyimage.com/1633x1877.png/5fa2dd/ffffff', NULL, 65, 33)
GO
INSERT [dbo].[images] ([id], [title], [publish_date], [link], [deleted_at], [user_id], [album_id]) VALUES (814, N'Douglas'' Meadowfoam', CAST(N'2022-04-18T00:00:00' AS SmallDateTime), N'http://dummyimage.com/1543x1026.png/cc0000/ffffff', NULL, 115, 7)
GO
INSERT [dbo].[images] ([id], [title], [publish_date], [link], [deleted_at], [user_id], [album_id]) VALUES (815, N'Bald Cypress', CAST(N'2021-09-26T00:00:00' AS SmallDateTime), N'http://dummyimage.com/1180x1556.png/dddddd/000000', NULL, 188, 43)
GO
INSERT [dbo].[images] ([id], [title], [publish_date], [link], [deleted_at], [user_id], [album_id]) VALUES (816, N'Fischer''s Chickweed', CAST(N'2021-12-21T00:00:00' AS SmallDateTime), N'http://dummyimage.com/1045x1758.png/cc0000/ffffff', NULL, 171, 21)
GO
INSERT [dbo].[images] ([id], [title], [publish_date], [link], [deleted_at], [user_id], [album_id]) VALUES (817, N'Bush Oak', CAST(N'2022-03-18T00:00:00' AS SmallDateTime), N'http://dummyimage.com/1261x1915.png/cc0000/ffffff', NULL, 174, 28)
GO
INSERT [dbo].[images] ([id], [title], [publish_date], [link], [deleted_at], [user_id], [album_id]) VALUES (818, N'Hairy Prairie Clover', CAST(N'2022-04-25T00:00:00' AS SmallDateTime), N'http://dummyimage.com/1533x1010.png/ff4444/ffffff', NULL, 68, 60)
GO
INSERT [dbo].[images] ([id], [title], [publish_date], [link], [deleted_at], [user_id], [album_id]) VALUES (819, N'Convoluted Barbula Moss', CAST(N'2022-04-30T00:00:00' AS SmallDateTime), N'http://dummyimage.com/1191x1027.png/dddddd/000000', NULL, 123, 23)
GO
INSERT [dbo].[images] ([id], [title], [publish_date], [link], [deleted_at], [user_id], [album_id]) VALUES (820, N'Showy Dewflower', CAST(N'2022-03-31T00:00:00' AS SmallDateTime), N'http://dummyimage.com/1444x1007.png/ff4444/ffffff', NULL, 72, 17)
GO
INSERT [dbo].[images] ([id], [title], [publish_date], [link], [deleted_at], [user_id], [album_id]) VALUES (821, N'Desert Willow', CAST(N'2021-02-24T00:00:00' AS SmallDateTime), N'http://dummyimage.com/1954x1618.png/cc0000/ffffff', NULL, 180, 33)
GO
INSERT [dbo].[images] ([id], [title], [publish_date], [link], [deleted_at], [user_id], [album_id]) VALUES (822, N'Santa Rita Mountain Dodder', CAST(N'2022-01-06T00:00:00' AS SmallDateTime), N'http://dummyimage.com/1324x1440.png/dddddd/000000', NULL, 196, 60)
GO
INSERT [dbo].[images] ([id], [title], [publish_date], [link], [deleted_at], [user_id], [album_id]) VALUES (823, N'White Cinquefoil', CAST(N'2022-03-31T00:00:00' AS SmallDateTime), N'http://dummyimage.com/1545x1148.png/ff4444/ffffff', NULL, 188, 41)
GO
INSERT [dbo].[images] ([id], [title], [publish_date], [link], [deleted_at], [user_id], [album_id]) VALUES (824, N'Haha', CAST(N'2021-04-24T00:00:00' AS SmallDateTime), N'http://dummyimage.com/1633x1395.png/5fa2dd/ffffff', NULL, 189, 10)
GO
INSERT [dbo].[images] ([id], [title], [publish_date], [link], [deleted_at], [user_id], [album_id]) VALUES (825, N'Pitcherplant', CAST(N'2021-06-04T00:00:00' AS SmallDateTime), N'http://dummyimage.com/1342x1133.png/5fa2dd/ffffff', NULL, 120, 33)
GO
INSERT [dbo].[images] ([id], [title], [publish_date], [link], [deleted_at], [user_id], [album_id]) VALUES (826, N'Hawai''i Sedge', CAST(N'2021-03-31T00:00:00' AS SmallDateTime), N'http://dummyimage.com/1554x1418.png/ff4444/ffffff', NULL, 183, 20)
GO
INSERT [dbo].[images] ([id], [title], [publish_date], [link], [deleted_at], [user_id], [album_id]) VALUES (827, N'Reflected Grapefern', CAST(N'2021-01-28T00:00:00' AS SmallDateTime), N'http://dummyimage.com/1991x1283.png/ff4444/ffffff', NULL, 8, 38)
GO
INSERT [dbo].[images] ([id], [title], [publish_date], [link], [deleted_at], [user_id], [album_id]) VALUES (828, N'Kidneyleaf Buckwheat', CAST(N'2021-07-27T00:00:00' AS SmallDateTime), N'http://dummyimage.com/1564x1954.png/5fa2dd/ffffff', NULL, 90, 7)
GO
INSERT [dbo].[images] ([id], [title], [publish_date], [link], [deleted_at], [user_id], [album_id]) VALUES (829, N'Hawai''i Hawthorn', CAST(N'2021-10-01T00:00:00' AS SmallDateTime), N'http://dummyimage.com/1810x1617.png/5fa2dd/ffffff', NULL, 199, 13)
GO
INSERT [dbo].[images] ([id], [title], [publish_date], [link], [deleted_at], [user_id], [album_id]) VALUES (830, N'Shortspike Hedgenettle', CAST(N'2022-04-27T00:00:00' AS SmallDateTime), N'http://dummyimage.com/1879x1849.png/5fa2dd/ffffff', NULL, 49, 19)
GO
INSERT [dbo].[images] ([id], [title], [publish_date], [link], [deleted_at], [user_id], [album_id]) VALUES (831, N'Valamuerto', CAST(N'2021-01-03T00:00:00' AS SmallDateTime), N'http://dummyimage.com/1959x1837.png/dddddd/000000', NULL, 46, 29)
GO
INSERT [dbo].[images] ([id], [title], [publish_date], [link], [deleted_at], [user_id], [album_id]) VALUES (832, N'Plectranthus', CAST(N'2021-03-18T00:00:00' AS SmallDateTime), N'http://dummyimage.com/1974x1125.png/ff4444/ffffff', NULL, 85, 61)
GO
INSERT [dbo].[images] ([id], [title], [publish_date], [link], [deleted_at], [user_id], [album_id]) VALUES (833, N'Tiger Grass', CAST(N'2021-08-14T00:00:00' AS SmallDateTime), N'http://dummyimage.com/1476x1069.png/cc0000/ffffff', NULL, 173, 21)
GO
INSERT [dbo].[images] ([id], [title], [publish_date], [link], [deleted_at], [user_id], [album_id]) VALUES (834, N'Little Desertparsley', CAST(N'2021-12-12T00:00:00' AS SmallDateTime), N'http://dummyimage.com/1525x1921.png/ff4444/ffffff', NULL, 44, 16)
GO
INSERT [dbo].[images] ([id], [title], [publish_date], [link], [deleted_at], [user_id], [album_id]) VALUES (835, N'Cracked Lichen', CAST(N'2021-12-23T00:00:00' AS SmallDateTime), N'http://dummyimage.com/1474x1498.png/ff4444/ffffff', NULL, 189, 62)
GO
INSERT [dbo].[images] ([id], [title], [publish_date], [link], [deleted_at], [user_id], [album_id]) VALUES (836, N'Rosette Lichen', CAST(N'2021-01-02T00:00:00' AS SmallDateTime), N'http://dummyimage.com/1960x1304.png/cc0000/ffffff', NULL, 168, 59)
GO
INSERT [dbo].[images] ([id], [title], [publish_date], [link], [deleted_at], [user_id], [album_id]) VALUES (837, N'Fernleaf Licorice-root', CAST(N'2022-05-13T00:00:00' AS SmallDateTime), N'http://dummyimage.com/1161x1091.png/cc0000/ffffff', NULL, 176, 23)
GO
INSERT [dbo].[images] ([id], [title], [publish_date], [link], [deleted_at], [user_id], [album_id]) VALUES (838, N'Woolly Bellflower', CAST(N'2022-02-17T00:00:00' AS SmallDateTime), N'http://dummyimage.com/1416x1178.png/ff4444/ffffff', NULL, 71, 39)
GO
INSERT [dbo].[images] ([id], [title], [publish_date], [link], [deleted_at], [user_id], [album_id]) VALUES (839, N'Sierra Horkelia', CAST(N'2021-06-10T00:00:00' AS SmallDateTime), N'http://dummyimage.com/1470x1654.png/dddddd/000000', NULL, 94, 38)
GO
INSERT [dbo].[images] ([id], [title], [publish_date], [link], [deleted_at], [user_id], [album_id]) VALUES (840, N'Buckwheat', CAST(N'2022-02-06T00:00:00' AS SmallDateTime), N'http://dummyimage.com/1510x1425.png/5fa2dd/ffffff', NULL, 63, 22)
GO
INSERT [dbo].[images] ([id], [title], [publish_date], [link], [deleted_at], [user_id], [album_id]) VALUES (841, N'Whisk Fern', CAST(N'2021-10-21T00:00:00' AS SmallDateTime), N'http://dummyimage.com/1351x1887.png/ff4444/ffffff', NULL, 33, 19)
GO
INSERT [dbo].[images] ([id], [title], [publish_date], [link], [deleted_at], [user_id], [album_id]) VALUES (842, N'Dwarf Alpine Hawksbeard', CAST(N'2022-04-01T00:00:00' AS SmallDateTime), N'http://dummyimage.com/1759x1283.png/cc0000/ffffff', NULL, 192, 52)
GO
INSERT [dbo].[images] ([id], [title], [publish_date], [link], [deleted_at], [user_id], [album_id]) VALUES (843, N'Frankton''s Saltbush', CAST(N'2021-07-04T00:00:00' AS SmallDateTime), N'http://dummyimage.com/1294x1316.png/dddddd/000000', NULL, 104, 29)
GO
INSERT [dbo].[images] ([id], [title], [publish_date], [link], [deleted_at], [user_id], [album_id]) VALUES (844, N'Purple Coneflower', CAST(N'2021-05-16T00:00:00' AS SmallDateTime), N'http://dummyimage.com/1526x1418.png/ff4444/ffffff', NULL, 36, 47)
GO
INSERT [dbo].[images] ([id], [title], [publish_date], [link], [deleted_at], [user_id], [album_id]) VALUES (845, N'Sticky Cinquefoil', CAST(N'2022-03-15T00:00:00' AS SmallDateTime), N'http://dummyimage.com/1556x1878.png/cc0000/ffffff', NULL, 41, 38)
GO
INSERT [dbo].[images] ([id], [title], [publish_date], [link], [deleted_at], [user_id], [album_id]) VALUES (846, N'Parry''s Sage', CAST(N'2021-04-22T00:00:00' AS SmallDateTime), N'http://dummyimage.com/1848x1710.png/dddddd/000000', NULL, 186, 53)
GO
INSERT [dbo].[images] ([id], [title], [publish_date], [link], [deleted_at], [user_id], [album_id]) VALUES (847, N'Curlyleaf Monardella', CAST(N'2021-05-28T00:00:00' AS SmallDateTime), N'http://dummyimage.com/1894x1128.png/dddddd/000000', NULL, 141, 16)
GO
INSERT [dbo].[images] ([id], [title], [publish_date], [link], [deleted_at], [user_id], [album_id]) VALUES (848, N'Elliptical Buttercup', CAST(N'2022-01-03T00:00:00' AS SmallDateTime), N'http://dummyimage.com/1647x1992.png/dddddd/000000', NULL, 34, 44)
GO
INSERT [dbo].[images] ([id], [title], [publish_date], [link], [deleted_at], [user_id], [album_id]) VALUES (849, N'Sanford''s Ocellularia Lichen', CAST(N'2021-08-10T00:00:00' AS SmallDateTime), N'http://dummyimage.com/1410x1010.png/dddddd/000000', NULL, 157, 29)
GO
INSERT [dbo].[images] ([id], [title], [publish_date], [link], [deleted_at], [user_id], [album_id]) VALUES (850, N'Mission Grass', CAST(N'2021-11-06T00:00:00' AS SmallDateTime), N'http://dummyimage.com/1091x1589.png/5fa2dd/ffffff', NULL, 71, 70)
GO
INSERT [dbo].[images] ([id], [title], [publish_date], [link], [deleted_at], [user_id], [album_id]) VALUES (851, N'Oxeye Daisy', CAST(N'2022-01-05T00:00:00' AS SmallDateTime), N'http://dummyimage.com/1645x1859.png/dddddd/000000', NULL, 196, 14)
GO
INSERT [dbo].[images] ([id], [title], [publish_date], [link], [deleted_at], [user_id], [album_id]) VALUES (852, N'Jeweled Wakerobin', CAST(N'2021-06-21T00:00:00' AS SmallDateTime), N'http://dummyimage.com/1716x1721.png/5fa2dd/ffffff', NULL, 12, 38)
GO
INSERT [dbo].[images] ([id], [title], [publish_date], [link], [deleted_at], [user_id], [album_id]) VALUES (853, N'Naked Catchfly', CAST(N'2021-04-26T00:00:00' AS SmallDateTime), N'http://dummyimage.com/1131x1155.png/5fa2dd/ffffff', NULL, 105, 54)
GO
INSERT [dbo].[images] ([id], [title], [publish_date], [link], [deleted_at], [user_id], [album_id]) VALUES (854, N'Forest Peperomia', CAST(N'2021-12-16T00:00:00' AS SmallDateTime), N'http://dummyimage.com/1625x1610.png/5fa2dd/ffffff', NULL, 172, 60)
GO
INSERT [dbo].[images] ([id], [title], [publish_date], [link], [deleted_at], [user_id], [album_id]) VALUES (855, N'Saltmarsh Sea Lavender', CAST(N'2021-11-02T00:00:00' AS SmallDateTime), N'http://dummyimage.com/1726x1193.png/cc0000/ffffff', NULL, 47, 12)
GO
INSERT [dbo].[images] ([id], [title], [publish_date], [link], [deleted_at], [user_id], [album_id]) VALUES (856, N'Weak Groundsel', CAST(N'2021-02-17T00:00:00' AS SmallDateTime), N'http://dummyimage.com/1823x1909.png/dddddd/000000', NULL, 192, 61)
GO
INSERT [dbo].[images] ([id], [title], [publish_date], [link], [deleted_at], [user_id], [album_id]) VALUES (857, N'Low Loosestrife', CAST(N'2021-05-11T00:00:00' AS SmallDateTime), N'http://dummyimage.com/1638x1054.png/ff4444/ffffff', NULL, 110, 46)
GO
INSERT [dbo].[images] ([id], [title], [publish_date], [link], [deleted_at], [user_id], [album_id]) VALUES (858, N'Hawkweed Oxtongue', CAST(N'2021-07-31T00:00:00' AS SmallDateTime), N'http://dummyimage.com/1258x1281.png/dddddd/000000', NULL, 162, 37)
GO
INSERT [dbo].[images] ([id], [title], [publish_date], [link], [deleted_at], [user_id], [album_id]) VALUES (859, N'Pine Flatsedge', CAST(N'2021-12-30T00:00:00' AS SmallDateTime), N'http://dummyimage.com/1194x1055.png/ff4444/ffffff', NULL, 189, 10)
GO
INSERT [dbo].[images] ([id], [title], [publish_date], [link], [deleted_at], [user_id], [album_id]) VALUES (860, N'Longleaf Peppertree', CAST(N'2022-05-10T00:00:00' AS SmallDateTime), N'http://dummyimage.com/1808x1557.png/dddddd/000000', NULL, 184, 57)
GO
INSERT [dbo].[images] ([id], [title], [publish_date], [link], [deleted_at], [user_id], [album_id]) VALUES (861, N'Leafy Fleabane', CAST(N'2021-03-11T00:00:00' AS SmallDateTime), N'http://dummyimage.com/1585x1146.png/cc0000/ffffff', NULL, 10, 7)
GO
INSERT [dbo].[images] ([id], [title], [publish_date], [link], [deleted_at], [user_id], [album_id]) VALUES (862, N'Stately Rose Gentian', CAST(N'2021-05-28T00:00:00' AS SmallDateTime), N'http://dummyimage.com/1746x1381.png/ff4444/ffffff', NULL, 17, 60)
GO
INSERT [dbo].[images] ([id], [title], [publish_date], [link], [deleted_at], [user_id], [album_id]) VALUES (863, N'Texan Syrrhopodon Moss', CAST(N'2021-01-24T00:00:00' AS SmallDateTime), N'http://dummyimage.com/1158x1266.png/5fa2dd/ffffff', NULL, 14, 49)
GO
INSERT [dbo].[images] ([id], [title], [publish_date], [link], [deleted_at], [user_id], [album_id]) VALUES (864, N'White False Gilyflower', CAST(N'2021-03-17T00:00:00' AS SmallDateTime), N'http://dummyimage.com/1235x1432.png/cc0000/ffffff', NULL, 135, 66)
GO
INSERT [dbo].[images] ([id], [title], [publish_date], [link], [deleted_at], [user_id], [album_id]) VALUES (865, N'Bloody Geranium', CAST(N'2021-06-23T00:00:00' AS SmallDateTime), N'http://dummyimage.com/1276x1707.png/cc0000/ffffff', NULL, 22, 55)
GO
INSERT [dbo].[images] ([id], [title], [publish_date], [link], [deleted_at], [user_id], [album_id]) VALUES (866, N'Anoectochilus', CAST(N'2022-02-08T00:00:00' AS SmallDateTime), N'http://dummyimage.com/1424x1230.png/5fa2dd/ffffff', NULL, 162, 18)
GO
INSERT [dbo].[images] ([id], [title], [publish_date], [link], [deleted_at], [user_id], [album_id]) VALUES (867, N'Brewster County Barometerbush', CAST(N'2022-03-01T00:00:00' AS SmallDateTime), N'http://dummyimage.com/1817x1540.png/dddddd/000000', NULL, 12, 37)
GO
INSERT [dbo].[images] ([id], [title], [publish_date], [link], [deleted_at], [user_id], [album_id]) VALUES (868, N'Lecidea Lichen', CAST(N'2021-06-05T00:00:00' AS SmallDateTime), N'http://dummyimage.com/1803x1557.png/ff4444/ffffff', NULL, 73, 8)
GO
INSERT [dbo].[images] ([id], [title], [publish_date], [link], [deleted_at], [user_id], [album_id]) VALUES (869, N'Cyrtandra', CAST(N'2021-03-06T00:00:00' AS SmallDateTime), N'http://dummyimage.com/1504x1801.png/5fa2dd/ffffff', NULL, 173, 34)
GO
INSERT [dbo].[images] ([id], [title], [publish_date], [link], [deleted_at], [user_id], [album_id]) VALUES (870, N'Red Dock', CAST(N'2021-01-23T00:00:00' AS SmallDateTime), N'http://dummyimage.com/1797x1854.png/5fa2dd/ffffff', NULL, 62, 50)
GO
INSERT [dbo].[images] ([id], [title], [publish_date], [link], [deleted_at], [user_id], [album_id]) VALUES (871, N'Cliffdweller''s Cryptantha', CAST(N'2021-06-26T00:00:00' AS SmallDateTime), N'http://dummyimage.com/1276x1509.png/cc0000/ffffff', NULL, 198, 62)
GO
INSERT [dbo].[images] ([id], [title], [publish_date], [link], [deleted_at], [user_id], [album_id]) VALUES (872, N'Stipule Fanpetals', CAST(N'2021-06-27T00:00:00' AS SmallDateTime), N'http://dummyimage.com/1753x1030.png/ff4444/ffffff', NULL, 78, 47)
GO
INSERT [dbo].[images] ([id], [title], [publish_date], [link], [deleted_at], [user_id], [album_id]) VALUES (873, N'Rooted Poppy', CAST(N'2021-07-06T00:00:00' AS SmallDateTime), N'http://dummyimage.com/1313x1707.png/ff4444/ffffff', NULL, 164, 58)
GO
INSERT [dbo].[images] ([id], [title], [publish_date], [link], [deleted_at], [user_id], [album_id]) VALUES (874, N'Red-margin Fanpetals', CAST(N'2021-09-01T00:00:00' AS SmallDateTime), N'http://dummyimage.com/1769x1144.png/cc0000/ffffff', NULL, 6, 25)
GO
INSERT [dbo].[images] ([id], [title], [publish_date], [link], [deleted_at], [user_id], [album_id]) VALUES (875, N'Teloschistes Lichen', CAST(N'2021-08-27T00:00:00' AS SmallDateTime), N'http://dummyimage.com/1887x1940.png/cc0000/ffffff', NULL, 80, 53)
GO
INSERT [dbo].[images] ([id], [title], [publish_date], [link], [deleted_at], [user_id], [album_id]) VALUES (876, N'Mediterranean Tapeweed', CAST(N'2021-05-31T00:00:00' AS SmallDateTime), N'http://dummyimage.com/1272x1801.png/cc0000/ffffff', NULL, 99, 36)
GO
INSERT [dbo].[images] ([id], [title], [publish_date], [link], [deleted_at], [user_id], [album_id]) VALUES (877, N'Rockyscree False Goldenaster', CAST(N'2022-02-01T00:00:00' AS SmallDateTime), N'http://dummyimage.com/1081x1481.png/ff4444/ffffff', NULL, 127, 28)
GO
INSERT [dbo].[images] ([id], [title], [publish_date], [link], [deleted_at], [user_id], [album_id]) VALUES (878, N'Narcissus Anemone', CAST(N'2021-03-29T00:00:00' AS SmallDateTime), N'http://dummyimage.com/1106x1586.png/5fa2dd/ffffff', NULL, 61, 21)
GO
INSERT [dbo].[images] ([id], [title], [publish_date], [link], [deleted_at], [user_id], [album_id]) VALUES (879, N'Bulbous Rush', CAST(N'2021-01-07T00:00:00' AS SmallDateTime), N'http://dummyimage.com/1473x1752.png/dddddd/000000', NULL, 168, 60)
GO
INSERT [dbo].[images] ([id], [title], [publish_date], [link], [deleted_at], [user_id], [album_id]) VALUES (880, N'Crato Passionvine', CAST(N'2022-05-18T00:00:00' AS SmallDateTime), N'http://dummyimage.com/1074x1923.png/dddddd/000000', NULL, 155, 12)
GO
INSERT [dbo].[images] ([id], [title], [publish_date], [link], [deleted_at], [user_id], [album_id]) VALUES (881, N'Fiddleleaf Hawksbeard', CAST(N'2021-11-28T00:00:00' AS SmallDateTime), N'http://dummyimage.com/1727x1485.png/dddddd/000000', NULL, 56, 63)
GO
INSERT [dbo].[images] ([id], [title], [publish_date], [link], [deleted_at], [user_id], [album_id]) VALUES (882, N'Wand Airplant', CAST(N'2021-07-13T00:00:00' AS SmallDateTime), N'http://dummyimage.com/1700x1634.png/cc0000/ffffff', NULL, 162, 70)
GO
INSERT [dbo].[images] ([id], [title], [publish_date], [link], [deleted_at], [user_id], [album_id]) VALUES (883, N'Sphagnum', CAST(N'2021-03-10T00:00:00' AS SmallDateTime), N'http://dummyimage.com/1621x1096.png/dddddd/000000', NULL, 89, 20)
GO
INSERT [dbo].[images] ([id], [title], [publish_date], [link], [deleted_at], [user_id], [album_id]) VALUES (884, N'Cinnamon Fern', CAST(N'2021-01-13T00:00:00' AS SmallDateTime), N'http://dummyimage.com/1379x1783.png/dddddd/000000', NULL, 140, 28)
GO
INSERT [dbo].[images] ([id], [title], [publish_date], [link], [deleted_at], [user_id], [album_id]) VALUES (885, N'Hedyosmum', CAST(N'2021-10-27T00:00:00' AS SmallDateTime), N'http://dummyimage.com/1285x1355.png/cc0000/ffffff', NULL, 143, 20)
GO
INSERT [dbo].[images] ([id], [title], [publish_date], [link], [deleted_at], [user_id], [album_id]) VALUES (886, N'Tall Cinquefoil', CAST(N'2021-11-06T00:00:00' AS SmallDateTime), N'http://dummyimage.com/1912x1629.png/dddddd/000000', NULL, 4, 16)
GO
INSERT [dbo].[images] ([id], [title], [publish_date], [link], [deleted_at], [user_id], [album_id]) VALUES (887, N'Faurie''s Panicgrass', CAST(N'2021-02-13T00:00:00' AS SmallDateTime), N'http://dummyimage.com/1485x1074.png/ff4444/ffffff', NULL, 112, 6)
GO
INSERT [dbo].[images] ([id], [title], [publish_date], [link], [deleted_at], [user_id], [album_id]) VALUES (888, N'Small Evening Primrose', CAST(N'2021-02-25T00:00:00' AS SmallDateTime), N'http://dummyimage.com/1817x1165.png/ff4444/ffffff', NULL, 71, 53)
GO
INSERT [dbo].[images] ([id], [title], [publish_date], [link], [deleted_at], [user_id], [album_id]) VALUES (889, N'Chapman Oak', CAST(N'2021-03-22T00:00:00' AS SmallDateTime), N'http://dummyimage.com/1966x1488.png/dddddd/000000', NULL, 18, 44)
GO
INSERT [dbo].[images] ([id], [title], [publish_date], [link], [deleted_at], [user_id], [album_id]) VALUES (890, N'Silvergrass', CAST(N'2021-03-06T00:00:00' AS SmallDateTime), N'http://dummyimage.com/1647x1235.png/ff4444/ffffff', NULL, 5, 16)
GO
INSERT [dbo].[images] ([id], [title], [publish_date], [link], [deleted_at], [user_id], [album_id]) VALUES (891, N'Narrowleaf Saw-wort', CAST(N'2021-04-05T00:00:00' AS SmallDateTime), N'http://dummyimage.com/1653x1497.png/dddddd/000000', NULL, 84, 61)
GO
INSERT [dbo].[images] ([id], [title], [publish_date], [link], [deleted_at], [user_id], [album_id]) VALUES (892, N'Common Yarrow', CAST(N'2021-05-12T00:00:00' AS SmallDateTime), N'http://dummyimage.com/1437x1617.png/dddddd/000000', NULL, 158, 40)
GO
INSERT [dbo].[images] ([id], [title], [publish_date], [link], [deleted_at], [user_id], [album_id]) VALUES (893, N'Navel Lichen', CAST(N'2021-04-21T00:00:00' AS SmallDateTime), N'http://dummyimage.com/1456x1500.png/cc0000/ffffff', NULL, 3, 13)
GO
INSERT [dbo].[images] ([id], [title], [publish_date], [link], [deleted_at], [user_id], [album_id]) VALUES (894, N'Slender Sunflower', CAST(N'2022-02-19T00:00:00' AS SmallDateTime), N'http://dummyimage.com/1118x1758.png/5fa2dd/ffffff', NULL, 100, 63)
GO
INSERT [dbo].[images] ([id], [title], [publish_date], [link], [deleted_at], [user_id], [album_id]) VALUES (895, N'Prickly Yellow', CAST(N'2022-03-23T00:00:00' AS SmallDateTime), N'http://dummyimage.com/1226x1061.png/cc0000/ffffff', NULL, 161, 20)
GO
INSERT [dbo].[images] ([id], [title], [publish_date], [link], [deleted_at], [user_id], [album_id]) VALUES (896, N'Dwarf Black Juniper', CAST(N'2022-04-07T00:00:00' AS SmallDateTime), N'http://dummyimage.com/1874x1284.png/dddddd/000000', NULL, 161, 63)
GO
INSERT [dbo].[images] ([id], [title], [publish_date], [link], [deleted_at], [user_id], [album_id]) VALUES (897, N'Algonquin Woodfern', CAST(N'2021-11-17T00:00:00' AS SmallDateTime), N'http://dummyimage.com/1760x1685.png/cc0000/ffffff', NULL, 146, 25)
GO
INSERT [dbo].[images] ([id], [title], [publish_date], [link], [deleted_at], [user_id], [album_id]) VALUES (898, N'San Joaquin Dodder', CAST(N'2021-04-21T00:00:00' AS SmallDateTime), N'http://dummyimage.com/1263x1128.png/ff4444/ffffff', NULL, 45, 66)
GO
INSERT [dbo].[images] ([id], [title], [publish_date], [link], [deleted_at], [user_id], [album_id]) VALUES (899, N'Rendle''s Meadow Foxtail', CAST(N'2022-01-23T00:00:00' AS SmallDateTime), N'http://dummyimage.com/1038x1574.png/cc0000/ffffff', NULL, 60, 47)
GO
INSERT [dbo].[images] ([id], [title], [publish_date], [link], [deleted_at], [user_id], [album_id]) VALUES (900, N'Cup Lichen', CAST(N'2022-05-16T00:00:00' AS SmallDateTime), N'http://dummyimage.com/1115x1724.png/cc0000/ffffff', NULL, 51, 5)
GO
INSERT [dbo].[images] ([id], [title], [publish_date], [link], [deleted_at], [user_id], [album_id]) VALUES (901, N'Lungwort', CAST(N'2021-06-27T00:00:00' AS SmallDateTime), N'http://dummyimage.com/1237x1006.png/dddddd/000000', NULL, 197, 52)
GO
INSERT [dbo].[images] ([id], [title], [publish_date], [link], [deleted_at], [user_id], [album_id]) VALUES (902, N'Littlecup Beardtongue', CAST(N'2021-11-18T00:00:00' AS SmallDateTime), N'http://dummyimage.com/1123x1263.png/cc0000/ffffff', NULL, 78, 46)
GO
INSERT [dbo].[images] ([id], [title], [publish_date], [link], [deleted_at], [user_id], [album_id]) VALUES (903, N'Pohe Hiwa', CAST(N'2021-07-15T00:00:00' AS SmallDateTime), N'http://dummyimage.com/1652x1348.png/cc0000/ffffff', NULL, 67, 21)
GO
INSERT [dbo].[images] ([id], [title], [publish_date], [link], [deleted_at], [user_id], [album_id]) VALUES (904, N'Rockslide Yellow Fleabane', CAST(N'2022-05-05T00:00:00' AS SmallDateTime), N'http://dummyimage.com/1956x1298.png/ff4444/ffffff', NULL, 82, 31)
GO
INSERT [dbo].[images] ([id], [title], [publish_date], [link], [deleted_at], [user_id], [album_id]) VALUES (905, N'Aster', CAST(N'2021-03-01T00:00:00' AS SmallDateTime), N'http://dummyimage.com/1729x1656.png/dddddd/000000', CAST(N'2021-05-05T00:00:00' AS SmallDateTime), 58, 40)
GO
INSERT [dbo].[images] ([id], [title], [publish_date], [link], [deleted_at], [user_id], [album_id]) VALUES (906, N'Unshu Orange', CAST(N'2022-05-11T00:00:00' AS SmallDateTime), N'http://dummyimage.com/1585x1815.png/ff4444/ffffff', NULL, 24, 30)
GO
INSERT [dbo].[images] ([id], [title], [publish_date], [link], [deleted_at], [user_id], [album_id]) VALUES (907, N'Plantainleaf Dubautia', CAST(N'2021-07-03T00:00:00' AS SmallDateTime), N'http://dummyimage.com/1592x1521.png/5fa2dd/ffffff', NULL, 107, 70)
GO
INSERT [dbo].[images] ([id], [title], [publish_date], [link], [deleted_at], [user_id], [album_id]) VALUES (908, N'Curved Woodrush', CAST(N'2022-05-07T00:00:00' AS SmallDateTime), N'http://dummyimage.com/1290x1279.png/dddddd/000000', NULL, 194, 32)
GO
INSERT [dbo].[images] ([id], [title], [publish_date], [link], [deleted_at], [user_id], [album_id]) VALUES (909, N'Copaifera', CAST(N'2021-05-02T00:00:00' AS SmallDateTime), N'http://dummyimage.com/1943x1671.png/ff4444/ffffff', NULL, 137, 48)
GO
INSERT [dbo].[images] ([id], [title], [publish_date], [link], [deleted_at], [user_id], [album_id]) VALUES (910, N'Sentry Milkvetch', CAST(N'2021-01-14T00:00:00' AS SmallDateTime), N'http://dummyimage.com/1793x1316.png/cc0000/ffffff', NULL, 5, 63)
GO
INSERT [dbo].[images] ([id], [title], [publish_date], [link], [deleted_at], [user_id], [album_id]) VALUES (911, N'Buglossoides', CAST(N'2021-09-28T00:00:00' AS SmallDateTime), N'http://dummyimage.com/1846x1429.png/ff4444/ffffff', NULL, 142, 20)
GO
INSERT [dbo].[images] ([id], [title], [publish_date], [link], [deleted_at], [user_id], [album_id]) VALUES (912, N'Spiny Greasebush', CAST(N'2021-05-02T00:00:00' AS SmallDateTime), N'http://dummyimage.com/1347x1362.png/5fa2dd/ffffff', NULL, 45, 19)
GO
INSERT [dbo].[images] ([id], [title], [publish_date], [link], [deleted_at], [user_id], [album_id]) VALUES (913, N'Foldedleaf Grass', CAST(N'2022-02-23T00:00:00' AS SmallDateTime), N'http://dummyimage.com/1258x1094.png/5fa2dd/ffffff', NULL, 181, 20)
GO
INSERT [dbo].[images] ([id], [title], [publish_date], [link], [deleted_at], [user_id], [album_id]) VALUES (914, N'Lecidea Lichen', CAST(N'2021-02-14T00:00:00' AS SmallDateTime), N'http://dummyimage.com/1029x1594.png/cc0000/ffffff', NULL, 184, 55)
GO
INSERT [dbo].[images] ([id], [title], [publish_date], [link], [deleted_at], [user_id], [album_id]) VALUES (915, N'Brazilian Peperomia', CAST(N'2022-03-30T00:00:00' AS SmallDateTime), N'http://dummyimage.com/1479x1388.png/5fa2dd/ffffff', CAST(N'2021-04-12T00:00:00' AS SmallDateTime), 33, 26)
GO
INSERT [dbo].[images] ([id], [title], [publish_date], [link], [deleted_at], [user_id], [album_id]) VALUES (916, N'Steerecleus Moss', CAST(N'2021-04-11T00:00:00' AS SmallDateTime), N'http://dummyimage.com/1403x1423.png/5fa2dd/ffffff', CAST(N'2021-06-22T00:00:00' AS SmallDateTime), 111, 45)
GO
INSERT [dbo].[images] ([id], [title], [publish_date], [link], [deleted_at], [user_id], [album_id]) VALUES (917, N'Jones'' Townsend Daisy', CAST(N'2022-02-17T00:00:00' AS SmallDateTime), N'http://dummyimage.com/1226x1918.png/cc0000/ffffff', NULL, 34, 63)
GO
INSERT [dbo].[images] ([id], [title], [publish_date], [link], [deleted_at], [user_id], [album_id]) VALUES (918, N'Fivetooth Spineflower', CAST(N'2021-04-25T00:00:00' AS SmallDateTime), N'http://dummyimage.com/1022x1725.png/ff4444/ffffff', NULL, 148, 70)
GO
INSERT [dbo].[images] ([id], [title], [publish_date], [link], [deleted_at], [user_id], [album_id]) VALUES (919, N'Trachyxiphium Moss', CAST(N'2021-08-29T00:00:00' AS SmallDateTime), N'http://dummyimage.com/1834x1723.png/ff4444/ffffff', NULL, 27, 43)
GO
INSERT [dbo].[images] ([id], [title], [publish_date], [link], [deleted_at], [user_id], [album_id]) VALUES (920, N'Santesson''s Map Lichen', CAST(N'2021-10-30T00:00:00' AS SmallDateTime), N'http://dummyimage.com/1275x1041.png/ff4444/ffffff', NULL, 87, 34)
GO
INSERT [dbo].[images] ([id], [title], [publish_date], [link], [deleted_at], [user_id], [album_id]) VALUES (921, N'Denseflower Rein Orchid', CAST(N'2022-03-21T00:00:00' AS SmallDateTime), N'http://dummyimage.com/1853x1895.png/5fa2dd/ffffff', NULL, 133, 3)
GO
INSERT [dbo].[images] ([id], [title], [publish_date], [link], [deleted_at], [user_id], [album_id]) VALUES (922, N'Wand Lessingia', CAST(N'2021-10-18T00:00:00' AS SmallDateTime), N'http://dummyimage.com/1685x1365.png/cc0000/ffffff', NULL, 121, 63)
GO
INSERT [dbo].[images] ([id], [title], [publish_date], [link], [deleted_at], [user_id], [album_id]) VALUES (923, N'Rocky Mountain Juniper', CAST(N'2021-05-27T00:00:00' AS SmallDateTime), N'http://dummyimage.com/1534x1115.png/ff4444/ffffff', NULL, 42, 42)
GO
INSERT [dbo].[images] ([id], [title], [publish_date], [link], [deleted_at], [user_id], [album_id]) VALUES (924, N'Saptree', CAST(N'2022-01-30T00:00:00' AS SmallDateTime), N'http://dummyimage.com/1404x1591.png/cc0000/ffffff', NULL, 4, 22)
GO
INSERT [dbo].[images] ([id], [title], [publish_date], [link], [deleted_at], [user_id], [album_id]) VALUES (925, N'Alpine Shootingstar', CAST(N'2021-05-20T00:00:00' AS SmallDateTime), N'http://dummyimage.com/1952x1871.png/ff4444/ffffff', NULL, 24, 21)
GO
INSERT [dbo].[images] ([id], [title], [publish_date], [link], [deleted_at], [user_id], [album_id]) VALUES (926, N'Tifton Burclover', CAST(N'2021-12-21T00:00:00' AS SmallDateTime), N'http://dummyimage.com/1563x1387.png/5fa2dd/ffffff', NULL, 182, 53)
GO
INSERT [dbo].[images] ([id], [title], [publish_date], [link], [deleted_at], [user_id], [album_id]) VALUES (927, N'Hayfield Tarweed', CAST(N'2021-09-29T00:00:00' AS SmallDateTime), N'http://dummyimage.com/1811x1710.png/cc0000/ffffff', NULL, 191, 36)
GO
INSERT [dbo].[images] ([id], [title], [publish_date], [link], [deleted_at], [user_id], [album_id]) VALUES (928, N'Ilang-ilang', CAST(N'2021-10-07T00:00:00' AS SmallDateTime), N'http://dummyimage.com/1369x1504.png/ff4444/ffffff', NULL, 10, 64)
GO
INSERT [dbo].[images] ([id], [title], [publish_date], [link], [deleted_at], [user_id], [album_id]) VALUES (929, N'Wart Lichen', CAST(N'2022-01-04T00:00:00' AS SmallDateTime), N'http://dummyimage.com/1254x1774.png/5fa2dd/ffffff', NULL, 72, 69)
GO
INSERT [dbo].[images] ([id], [title], [publish_date], [link], [deleted_at], [user_id], [album_id]) VALUES (930, N'Wright''s Stonecrop', CAST(N'2021-10-29T00:00:00' AS SmallDateTime), N'http://dummyimage.com/1393x1429.png/5fa2dd/ffffff', NULL, 51, 43)
GO
INSERT [dbo].[images] ([id], [title], [publish_date], [link], [deleted_at], [user_id], [album_id]) VALUES (931, N'Wild Privet', CAST(N'2022-04-11T00:00:00' AS SmallDateTime), N'http://dummyimage.com/1342x1464.png/5fa2dd/ffffff', NULL, 172, 53)
GO
INSERT [dbo].[images] ([id], [title], [publish_date], [link], [deleted_at], [user_id], [album_id]) VALUES (932, N'Douglas'' Phacelia', CAST(N'2022-04-14T00:00:00' AS SmallDateTime), N'http://dummyimage.com/1868x1500.png/dddddd/000000', NULL, 12, 35)
GO
INSERT [dbo].[images] ([id], [title], [publish_date], [link], [deleted_at], [user_id], [album_id]) VALUES (933, N'American Snowbell', CAST(N'2021-03-05T00:00:00' AS SmallDateTime), N'http://dummyimage.com/1317x1456.png/dddddd/000000', NULL, 68, 44)
GO
INSERT [dbo].[images] ([id], [title], [publish_date], [link], [deleted_at], [user_id], [album_id]) VALUES (934, N'Cooper''s Goldenbush', CAST(N'2021-08-27T00:00:00' AS SmallDateTime), N'http://dummyimage.com/1959x1984.png/ff4444/ffffff', NULL, 80, 68)
GO
INSERT [dbo].[images] ([id], [title], [publish_date], [link], [deleted_at], [user_id], [album_id]) VALUES (935, N'Cow''s-foot', CAST(N'2021-05-03T00:00:00' AS SmallDateTime), N'http://dummyimage.com/1995x1382.png/dddddd/000000', NULL, 90, 32)
GO
INSERT [dbo].[images] ([id], [title], [publish_date], [link], [deleted_at], [user_id], [album_id]) VALUES (936, N'Variableleaf Pondweed', CAST(N'2021-10-18T00:00:00' AS SmallDateTime), N'http://dummyimage.com/1983x1996.png/cc0000/ffffff', NULL, 190, 47)
GO
INSERT [dbo].[images] ([id], [title], [publish_date], [link], [deleted_at], [user_id], [album_id]) VALUES (937, N'Tansy', CAST(N'2021-02-24T00:00:00' AS SmallDateTime), N'http://dummyimage.com/1925x1805.png/dddddd/000000', NULL, 61, 42)
GO
INSERT [dbo].[images] ([id], [title], [publish_date], [link], [deleted_at], [user_id], [album_id]) VALUES (938, N'Epimedium', CAST(N'2022-03-03T00:00:00' AS SmallDateTime), N'http://dummyimage.com/1224x1632.png/dddddd/000000', NULL, 137, 14)
GO
INSERT [dbo].[images] ([id], [title], [publish_date], [link], [deleted_at], [user_id], [album_id]) VALUES (939, N'Buckroot', CAST(N'2021-08-20T00:00:00' AS SmallDateTime), N'http://dummyimage.com/1953x1044.png/5fa2dd/ffffff', NULL, 199, 11)
GO
INSERT [dbo].[images] ([id], [title], [publish_date], [link], [deleted_at], [user_id], [album_id]) VALUES (940, N'Miriquidica Lichen', CAST(N'2021-01-07T00:00:00' AS SmallDateTime), N'http://dummyimage.com/1455x1953.png/5fa2dd/ffffff', NULL, 83, 68)
GO
INSERT [dbo].[images] ([id], [title], [publish_date], [link], [deleted_at], [user_id], [album_id]) VALUES (941, N'Whiteflower Rabbitbrush', CAST(N'2021-06-02T00:00:00' AS SmallDateTime), N'http://dummyimage.com/1510x1539.png/5fa2dd/ffffff', CAST(N'2022-05-18T00:00:00' AS SmallDateTime), 27, 51)
GO
INSERT [dbo].[images] ([id], [title], [publish_date], [link], [deleted_at], [user_id], [album_id]) VALUES (942, N'Cone-like Milkvetch', CAST(N'2021-10-03T00:00:00' AS SmallDateTime), N'http://dummyimage.com/1180x1608.png/cc0000/ffffff', NULL, 200, 32)
GO
INSERT [dbo].[images] ([id], [title], [publish_date], [link], [deleted_at], [user_id], [album_id]) VALUES (943, N'Long-tubercle Beehive Cactus', CAST(N'2021-10-31T00:00:00' AS SmallDateTime), N'http://dummyimage.com/1612x1175.png/5fa2dd/ffffff', CAST(N'2022-04-05T00:00:00' AS SmallDateTime), 33, 11)
GO
INSERT [dbo].[images] ([id], [title], [publish_date], [link], [deleted_at], [user_id], [album_id]) VALUES (944, N'Pepper', CAST(N'2021-09-30T00:00:00' AS SmallDateTime), N'http://dummyimage.com/1393x1694.png/5fa2dd/ffffff', NULL, 22, 8)
GO
INSERT [dbo].[images] ([id], [title], [publish_date], [link], [deleted_at], [user_id], [album_id]) VALUES (945, N'Laurel Sumac', CAST(N'2021-07-22T00:00:00' AS SmallDateTime), N'http://dummyimage.com/1202x1430.png/cc0000/ffffff', NULL, 60, 46)
GO
INSERT [dbo].[images] ([id], [title], [publish_date], [link], [deleted_at], [user_id], [album_id]) VALUES (946, N'Cracked Lichen', CAST(N'2022-02-18T00:00:00' AS SmallDateTime), N'http://dummyimage.com/1855x1548.png/5fa2dd/ffffff', NULL, 55, 24)
GO
INSERT [dbo].[images] ([id], [title], [publish_date], [link], [deleted_at], [user_id], [album_id]) VALUES (947, N'Florist''s Spiraea', CAST(N'2021-09-23T00:00:00' AS SmallDateTime), N'http://dummyimage.com/1434x1846.png/dddddd/000000', NULL, 107, 15)
GO
INSERT [dbo].[images] ([id], [title], [publish_date], [link], [deleted_at], [user_id], [album_id]) VALUES (948, N'Gray Goldenrod', CAST(N'2022-01-26T00:00:00' AS SmallDateTime), N'http://dummyimage.com/1204x1219.png/5fa2dd/ffffff', NULL, 35, 25)
GO
INSERT [dbo].[images] ([id], [title], [publish_date], [link], [deleted_at], [user_id], [album_id]) VALUES (949, N'Lawton''s Racomitrium Moss', CAST(N'2021-09-02T00:00:00' AS SmallDateTime), N'http://dummyimage.com/1526x1064.png/cc0000/ffffff', NULL, 47, 59)
GO
INSERT [dbo].[images] ([id], [title], [publish_date], [link], [deleted_at], [user_id], [album_id]) VALUES (950, N'Redscale Shoestring Fern', CAST(N'2022-04-15T00:00:00' AS SmallDateTime), N'http://dummyimage.com/1346x1387.png/dddddd/000000', NULL, 39, 17)
GO
INSERT [dbo].[images] ([id], [title], [publish_date], [link], [deleted_at], [user_id], [album_id]) VALUES (951, N'Urera', CAST(N'2022-05-03T00:00:00' AS SmallDateTime), N'http://dummyimage.com/1733x1356.png/5fa2dd/ffffff', NULL, 114, 59)
GO
INSERT [dbo].[images] ([id], [title], [publish_date], [link], [deleted_at], [user_id], [album_id]) VALUES (952, N'Benitoa', CAST(N'2022-03-14T00:00:00' AS SmallDateTime), N'http://dummyimage.com/1095x1023.png/ff4444/ffffff', NULL, 2, 35)
GO
INSERT [dbo].[images] ([id], [title], [publish_date], [link], [deleted_at], [user_id], [album_id]) VALUES (953, N'Yellow Waterlily', CAST(N'2021-04-26T00:00:00' AS SmallDateTime), N'http://dummyimage.com/1541x1057.png/dddddd/000000', NULL, 30, 70)
GO
INSERT [dbo].[images] ([id], [title], [publish_date], [link], [deleted_at], [user_id], [album_id]) VALUES (954, N'Fishscale Lichen', CAST(N'2022-04-15T00:00:00' AS SmallDateTime), N'http://dummyimage.com/1455x1596.png/ff4444/ffffff', NULL, 72, 66)
GO
INSERT [dbo].[images] ([id], [title], [publish_date], [link], [deleted_at], [user_id], [album_id]) VALUES (955, N'Adobe Navarretia', CAST(N'2021-12-20T00:00:00' AS SmallDateTime), N'http://dummyimage.com/1952x1846.png/ff4444/ffffff', NULL, 12, 66)
GO
INSERT [dbo].[images] ([id], [title], [publish_date], [link], [deleted_at], [user_id], [album_id]) VALUES (956, N'Brotherella Moss', CAST(N'2021-08-25T00:00:00' AS SmallDateTime), N'http://dummyimage.com/1886x1152.png/dddddd/000000', NULL, 111, 20)
GO
INSERT [dbo].[images] ([id], [title], [publish_date], [link], [deleted_at], [user_id], [album_id]) VALUES (957, N'Mountainheath', CAST(N'2022-05-13T00:00:00' AS SmallDateTime), N'http://dummyimage.com/1792x1263.png/5fa2dd/ffffff', NULL, 156, 66)
GO
INSERT [dbo].[images] ([id], [title], [publish_date], [link], [deleted_at], [user_id], [album_id]) VALUES (958, N'Harlequinbush', CAST(N'2021-02-24T00:00:00' AS SmallDateTime), N'http://dummyimage.com/1633x1042.png/dddddd/000000', NULL, 154, 61)
GO
INSERT [dbo].[images] ([id], [title], [publish_date], [link], [deleted_at], [user_id], [album_id]) VALUES (959, N'Munz''s Mariposa Lily', CAST(N'2021-03-10T00:00:00' AS SmallDateTime), N'http://dummyimage.com/1021x1120.png/dddddd/000000', NULL, 85, 32)
GO
INSERT [dbo].[images] ([id], [title], [publish_date], [link], [deleted_at], [user_id], [album_id]) VALUES (960, N'Longan', CAST(N'2021-07-06T00:00:00' AS SmallDateTime), N'http://dummyimage.com/1897x1539.png/dddddd/000000', NULL, 151, 55)
GO
INSERT [dbo].[images] ([id], [title], [publish_date], [link], [deleted_at], [user_id], [album_id]) VALUES (961, N'Minniebush', CAST(N'2021-03-29T00:00:00' AS SmallDateTime), N'http://dummyimage.com/1684x1927.png/ff4444/ffffff', NULL, 156, 69)
GO
INSERT [dbo].[images] ([id], [title], [publish_date], [link], [deleted_at], [user_id], [album_id]) VALUES (962, N'Bigfruit Evening Primrose', CAST(N'2021-05-21T00:00:00' AS SmallDateTime), N'http://dummyimage.com/1614x1884.png/dddddd/000000', NULL, 185, 20)
GO
INSERT [dbo].[images] ([id], [title], [publish_date], [link], [deleted_at], [user_id], [album_id]) VALUES (963, N'Spreading Dewberry', CAST(N'2021-07-26T00:00:00' AS SmallDateTime), N'http://dummyimage.com/1706x1351.png/cc0000/ffffff', NULL, 144, 66)
GO
INSERT [dbo].[images] ([id], [title], [publish_date], [link], [deleted_at], [user_id], [album_id]) VALUES (964, N'Nodding Onion', CAST(N'2021-02-16T00:00:00' AS SmallDateTime), N'http://dummyimage.com/1816x1885.png/cc0000/ffffff', NULL, 42, 42)
GO
INSERT [dbo].[images] ([id], [title], [publish_date], [link], [deleted_at], [user_id], [album_id]) VALUES (965, N'Bristly Jewelflower', CAST(N'2021-10-12T00:00:00' AS SmallDateTime), N'http://dummyimage.com/1349x1129.png/dddddd/000000', NULL, 194, 45)
GO
INSERT [dbo].[images] ([id], [title], [publish_date], [link], [deleted_at], [user_id], [album_id]) VALUES (966, N'Olympic Bellflower', CAST(N'2021-12-04T00:00:00' AS SmallDateTime), N'http://dummyimage.com/1782x1159.png/cc0000/ffffff', NULL, 78, 12)
GO
INSERT [dbo].[images] ([id], [title], [publish_date], [link], [deleted_at], [user_id], [album_id]) VALUES (967, N'Bird''s-eye Gilia', CAST(N'2022-01-18T00:00:00' AS SmallDateTime), N'http://dummyimage.com/1197x1889.png/ff4444/ffffff', NULL, 163, 42)
GO
INSERT [dbo].[images] ([id], [title], [publish_date], [link], [deleted_at], [user_id], [album_id]) VALUES (968, N'Fourangle Melicope', CAST(N'2021-07-15T00:00:00' AS SmallDateTime), N'http://dummyimage.com/1230x1072.png/ff4444/ffffff', NULL, 190, 3)
GO
INSERT [dbo].[images] ([id], [title], [publish_date], [link], [deleted_at], [user_id], [album_id]) VALUES (969, N'Spoonleaf Buckwheat', CAST(N'2021-03-23T00:00:00' AS SmallDateTime), N'http://dummyimage.com/1705x1505.png/dddddd/000000', NULL, 80, 13)
GO
INSERT [dbo].[images] ([id], [title], [publish_date], [link], [deleted_at], [user_id], [album_id]) VALUES (970, N'Rayless Aster', CAST(N'2021-12-14T00:00:00' AS SmallDateTime), N'http://dummyimage.com/1866x1403.png/dddddd/000000', NULL, 88, 32)
GO
INSERT [dbo].[images] ([id], [title], [publish_date], [link], [deleted_at], [user_id], [album_id]) VALUES (971, N'Slenderleaf Bundleflower', CAST(N'2021-12-19T00:00:00' AS SmallDateTime), N'http://dummyimage.com/1283x1208.png/dddddd/000000', NULL, 20, 68)
GO
INSERT [dbo].[images] ([id], [title], [publish_date], [link], [deleted_at], [user_id], [album_id]) VALUES (972, N'Begonia', CAST(N'2021-10-02T00:00:00' AS SmallDateTime), N'http://dummyimage.com/1776x1288.png/ff4444/ffffff', NULL, 38, 70)
GO
INSERT [dbo].[images] ([id], [title], [publish_date], [link], [deleted_at], [user_id], [album_id]) VALUES (973, N'Common Lungwort', CAST(N'2021-12-01T00:00:00' AS SmallDateTime), N'http://dummyimage.com/1099x1770.png/ff4444/ffffff', NULL, 50, 31)
GO
INSERT [dbo].[images] ([id], [title], [publish_date], [link], [deleted_at], [user_id], [album_id]) VALUES (974, N'Blue Oak', CAST(N'2021-03-15T00:00:00' AS SmallDateTime), N'http://dummyimage.com/1099x1949.png/ff4444/ffffff', NULL, 27, 25)
GO
INSERT [dbo].[images] ([id], [title], [publish_date], [link], [deleted_at], [user_id], [album_id]) VALUES (975, N'Alkali Marsh Aster', CAST(N'2021-08-02T00:00:00' AS SmallDateTime), N'http://dummyimage.com/1323x1033.png/cc0000/ffffff', NULL, 73, 47)
GO
INSERT [dbo].[images] ([id], [title], [publish_date], [link], [deleted_at], [user_id], [album_id]) VALUES (976, N'Marsh Mermaidweed', CAST(N'2021-07-20T00:00:00' AS SmallDateTime), N'http://dummyimage.com/1149x1429.png/cc0000/ffffff', NULL, 32, 20)
GO
INSERT [dbo].[images] ([id], [title], [publish_date], [link], [deleted_at], [user_id], [album_id]) VALUES (977, N'Timothy Canarygrass', CAST(N'2021-07-06T00:00:00' AS SmallDateTime), N'http://dummyimage.com/1181x1455.png/cc0000/ffffff', NULL, 10, 10)
GO
INSERT [dbo].[images] ([id], [title], [publish_date], [link], [deleted_at], [user_id], [album_id]) VALUES (978, N'Glandular Phacelia', CAST(N'2022-01-03T00:00:00' AS SmallDateTime), N'http://dummyimage.com/1611x1878.png/5fa2dd/ffffff', NULL, 89, 33)
GO
INSERT [dbo].[images] ([id], [title], [publish_date], [link], [deleted_at], [user_id], [album_id]) VALUES (979, N'Western Tansymustard', CAST(N'2021-11-07T00:00:00' AS SmallDateTime), N'http://dummyimage.com/1428x1211.png/cc0000/ffffff', NULL, 31, 28)
GO
INSERT [dbo].[images] ([id], [title], [publish_date], [link], [deleted_at], [user_id], [album_id]) VALUES (980, N'Arizona Calcareous Moss', CAST(N'2021-12-16T00:00:00' AS SmallDateTime), N'http://dummyimage.com/1293x1939.png/ff4444/ffffff', NULL, 185, 37)
GO
INSERT [dbo].[images] ([id], [title], [publish_date], [link], [deleted_at], [user_id], [album_id]) VALUES (981, N'Bladderfern', CAST(N'2021-03-26T00:00:00' AS SmallDateTime), N'http://dummyimage.com/1049x1076.png/ff4444/ffffff', NULL, 158, 41)
GO
INSERT [dbo].[images] ([id], [title], [publish_date], [link], [deleted_at], [user_id], [album_id]) VALUES (982, N'Lava Cyrtandra', CAST(N'2022-04-07T00:00:00' AS SmallDateTime), N'http://dummyimage.com/1022x1124.png/5fa2dd/ffffff', NULL, 149, 11)
GO
INSERT [dbo].[images] ([id], [title], [publish_date], [link], [deleted_at], [user_id], [album_id]) VALUES (983, N'Fool''s Parsley', CAST(N'2022-03-26T00:00:00' AS SmallDateTime), N'http://dummyimage.com/1369x1164.png/5fa2dd/ffffff', NULL, 115, 38)
GO
INSERT [dbo].[images] ([id], [title], [publish_date], [link], [deleted_at], [user_id], [album_id]) VALUES (984, N'Three-lobed Rockdaisy', CAST(N'2021-04-03T00:00:00' AS SmallDateTime), N'http://dummyimage.com/1894x1439.png/ff4444/ffffff', NULL, 108, 35)
GO
INSERT [dbo].[images] ([id], [title], [publish_date], [link], [deleted_at], [user_id], [album_id]) VALUES (985, N'Moscow Salsify', CAST(N'2021-04-24T00:00:00' AS SmallDateTime), N'http://dummyimage.com/1662x1455.png/dddddd/000000', CAST(N'2021-08-15T00:00:00' AS SmallDateTime), 146, 26)
GO
INSERT [dbo].[images] ([id], [title], [publish_date], [link], [deleted_at], [user_id], [album_id]) VALUES (986, N'Jones'' Buckwheat', CAST(N'2021-11-24T00:00:00' AS SmallDateTime), N'http://dummyimage.com/1600x1605.png/5fa2dd/ffffff', NULL, 174, 66)
GO
INSERT [dbo].[images] ([id], [title], [publish_date], [link], [deleted_at], [user_id], [album_id]) VALUES (987, N'Abrams'' Sandmat', CAST(N'2021-10-22T00:00:00' AS SmallDateTime), N'http://dummyimage.com/1979x1293.png/ff4444/ffffff', NULL, 116, 21)
GO
INSERT [dbo].[images] ([id], [title], [publish_date], [link], [deleted_at], [user_id], [album_id]) VALUES (988, N'Pteralyxia', CAST(N'2021-04-26T00:00:00' AS SmallDateTime), N'http://dummyimage.com/1835x1923.png/5fa2dd/ffffff', NULL, 18, 39)
GO
INSERT [dbo].[images] ([id], [title], [publish_date], [link], [deleted_at], [user_id], [album_id]) VALUES (989, N'Smooth Black Sedge', CAST(N'2021-05-10T00:00:00' AS SmallDateTime), N'http://dummyimage.com/1005x1617.png/dddddd/000000', NULL, 72, 58)
GO
INSERT [dbo].[images] ([id], [title], [publish_date], [link], [deleted_at], [user_id], [album_id]) VALUES (990, N'Crowdipper', CAST(N'2021-05-10T00:00:00' AS SmallDateTime), N'http://dummyimage.com/1171x1988.png/cc0000/ffffff', NULL, 69, 52)
GO
INSERT [dbo].[images] ([id], [title], [publish_date], [link], [deleted_at], [user_id], [album_id]) VALUES (991, N'Marsh Mermaidweed', CAST(N'2021-01-16T00:00:00' AS SmallDateTime), N'http://dummyimage.com/1359x2000.png/dddddd/000000', NULL, 62, 3)
GO
INSERT [dbo].[images] ([id], [title], [publish_date], [link], [deleted_at], [user_id], [album_id]) VALUES (992, N'Bower Wattle', CAST(N'2021-07-02T00:00:00' AS SmallDateTime), N'http://dummyimage.com/1473x1572.png/cc0000/ffffff', NULL, 168, 21)
GO
INSERT [dbo].[images] ([id], [title], [publish_date], [link], [deleted_at], [user_id], [album_id]) VALUES (993, N'Spindle Tree', CAST(N'2022-02-17T00:00:00' AS SmallDateTime), N'http://dummyimage.com/1899x1245.png/cc0000/ffffff', NULL, 141, 54)
GO
INSERT [dbo].[images] ([id], [title], [publish_date], [link], [deleted_at], [user_id], [album_id]) VALUES (994, N'Dimple Lichen', CAST(N'2021-07-10T00:00:00' AS SmallDateTime), N'http://dummyimage.com/1147x1607.png/ff4444/ffffff', NULL, 134, 19)
GO
INSERT [dbo].[images] ([id], [title], [publish_date], [link], [deleted_at], [user_id], [album_id]) VALUES (995, N'Rugel''s Nailwort', CAST(N'2021-04-09T00:00:00' AS SmallDateTime), N'http://dummyimage.com/1803x1968.png/ff4444/ffffff', NULL, 155, 37)
GO
INSERT [dbo].[images] ([id], [title], [publish_date], [link], [deleted_at], [user_id], [album_id]) VALUES (996, N'Calycophyllum', CAST(N'2021-06-30T00:00:00' AS SmallDateTime), N'http://dummyimage.com/1310x1570.png/5fa2dd/ffffff', NULL, 197, 65)
GO
INSERT [dbo].[images] ([id], [title], [publish_date], [link], [deleted_at], [user_id], [album_id]) VALUES (997, N'Royal Jacob''s-ladder', CAST(N'2021-02-22T00:00:00' AS SmallDateTime), N'http://dummyimage.com/1091x1867.png/dddddd/000000', NULL, 167, 30)
GO
INSERT [dbo].[images] ([id], [title], [publish_date], [link], [deleted_at], [user_id], [album_id]) VALUES (998, N'Edible Milkpea', CAST(N'2022-05-11T00:00:00' AS SmallDateTime), N'http://dummyimage.com/1084x1376.png/5fa2dd/ffffff', NULL, 16, 55)
GO
INSERT [dbo].[images] ([id], [title], [publish_date], [link], [deleted_at], [user_id], [album_id]) VALUES (999, N'Yellow Monkswort', CAST(N'2022-01-11T00:00:00' AS SmallDateTime), N'http://dummyimage.com/1571x1868.png/ff4444/ffffff', NULL, 143, 38)
GO
INSERT [dbo].[images] ([id], [title], [publish_date], [link], [deleted_at], [user_id], [album_id]) VALUES (1000, N'Graceful Necklace Fern', CAST(N'2022-01-11T00:00:00' AS SmallDateTime), N'http://dummyimage.com/1946x1706.png/dddddd/000000', NULL, 45, 7)
GO
SET IDENTITY_INSERT [dbo].[images] OFF
GO
SET IDENTITY_INSERT [dbo].[users] ON 
GO
INSERT [dbo].[users] ([id], [email], [nickname], [password], [birthday], [deleted_at]) VALUES (1, N'ppp@over-blog.com', N'xxxx', N'0TnBirh', CAST(N'2006-05-18' AS Date), CAST(N'2022-06-25T10:29:00' AS SmallDateTime))
GO
INSERT [dbo].[users] ([id], [email], [nickname], [password], [birthday], [deleted_at]) VALUES (2, N'dkirman1@lycos.com', N'mcottle1', N'JyZqWJ9', CAST(N'1995-12-15' AS Date), CAST(N'2022-06-25T10:29:00' AS SmallDateTime))
GO
INSERT [dbo].[users] ([id], [email], [nickname], [password], [birthday], [deleted_at]) VALUES (3, N'dmacro2@bing.com', N'mleving2', N'7ubdJZtkbbs', CAST(N'1993-10-12' AS Date), CAST(N'2022-06-25T10:29:00' AS SmallDateTime))
GO
INSERT [dbo].[users] ([id], [email], [nickname], [password], [birthday], [deleted_at]) VALUES (4, N'cmacadam3@ed.gov', N'rwarn3', N'fu5ELjzjAvQL', CAST(N'1997-12-22' AS Date), CAST(N'2022-06-25T10:30:00' AS SmallDateTime))
GO
INSERT [dbo].[users] ([id], [email], [nickname], [password], [birthday], [deleted_at]) VALUES (5, N'cprobart4@mozilla.org', N'cjope4', N'PNqJQeE2zKY7', CAST(N'2001-11-29' AS Date), CAST(N'2022-06-25T10:30:00' AS SmallDateTime))
GO
INSERT [dbo].[users] ([id], [email], [nickname], [password], [birthday], [deleted_at]) VALUES (6, N'cclemente5@jalbum.net', N'clarmett5', N'GS5H4mC', CAST(N'1995-06-27' AS Date), CAST(N'2022-06-25T10:30:00' AS SmallDateTime))
GO
INSERT [dbo].[users] ([id], [email], [nickname], [password], [birthday], [deleted_at]) VALUES (7, N'ccardnell6@issuu.com', N'scolcomb6', N'TgDCpByRK07', CAST(N'1999-03-30' AS Date), CAST(N'2022-06-25T10:30:00' AS SmallDateTime))
GO
INSERT [dbo].[users] ([id], [email], [nickname], [password], [birthday], [deleted_at]) VALUES (8, N'sjohnston7@bbb.org', N'rlidgey7', N'YhBVmYC6X', CAST(N'1996-09-13' AS Date), CAST(N'2022-06-25T10:30:00' AS SmallDateTime))
GO
INSERT [dbo].[users] ([id], [email], [nickname], [password], [birthday], [deleted_at]) VALUES (9, N'mportriss8@telegraph.co.uk', N'sstandering8', N'63Ra1a3AzLF', CAST(N'1998-01-28' AS Date), CAST(N'2022-06-25T10:30:00' AS SmallDateTime))
GO
INSERT [dbo].[users] ([id], [email], [nickname], [password], [birthday], [deleted_at]) VALUES (10, N'seggers9@elegantthemes.com', N'VASIA', N'cCAe9AAAGx', CAST(N'1986-12-21' AS Date), CAST(N'2022-06-25T10:30:00' AS SmallDateTime))
GO
INSERT [dbo].[users] ([id], [email], [nickname], [password], [birthday], [deleted_at]) VALUES (11, N'gventurolia@t.co', N'shudspetha', N'VlZUG0PWRRMR', CAST(N'2001-03-14' AS Date), CAST(N'2025-03-19T19:02:00' AS SmallDateTime))
GO
INSERT [dbo].[users] ([id], [email], [nickname], [password], [birthday], [deleted_at]) VALUES (12, N'mgleweb@indiegogo.com', N'adhillonb', N'9kVvj9qH', CAST(N'1987-07-30' AS Date), CAST(N'2025-03-19T19:02:00' AS SmallDateTime))
GO
INSERT [dbo].[users] ([id], [email], [nickname], [password], [birthday], [deleted_at]) VALUES (13, N'ccureec@google.nl', N'kheckneyc', N'BV1RqefUae3C', CAST(N'1994-12-18' AS Date), CAST(N'2025-03-19T19:02:00' AS SmallDateTime))
GO
INSERT [dbo].[users] ([id], [email], [nickname], [password], [birthday], [deleted_at]) VALUES (14, N'cplanked@omniture.com', N'rbenezetd', N'Et26A8X', CAST(N'1986-03-28' AS Date), CAST(N'2025-03-19T19:02:00' AS SmallDateTime))
GO
INSERT [dbo].[users] ([id], [email], [nickname], [password], [birthday], [deleted_at]) VALUES (15, N'blindstrome@spotify.com', N'htombse', N'pkXA4Owg87', CAST(N'2001-03-10' AS Date), CAST(N'2025-03-19T19:02:00' AS SmallDateTime))
GO
INSERT [dbo].[users] ([id], [email], [nickname], [password], [birthday], [deleted_at]) VALUES (16, N'ikelwayf@sun.com', N'bmcraef', N'f9z4E2', CAST(N'2002-02-14' AS Date), CAST(N'2025-03-19T19:02:00' AS SmallDateTime))
GO
INSERT [dbo].[users] ([id], [email], [nickname], [password], [birthday], [deleted_at]) VALUES (17, N'umaccig@tinyurl.com', N'cwillsmoreg', N'gj8btv', CAST(N'1996-12-18' AS Date), CAST(N'2025-03-19T19:02:00' AS SmallDateTime))
GO
INSERT [dbo].[users] ([id], [email], [nickname], [password], [birthday], [deleted_at]) VALUES (18, N'caubrih@baidu.com', N'habberleyh', N'p8Az2iY9', CAST(N'1990-05-19' AS Date), CAST(N'2025-03-19T19:02:00' AS SmallDateTime))
GO
INSERT [dbo].[users] ([id], [email], [nickname], [password], [birthday], [deleted_at]) VALUES (19, N'fhawtini@icq.com', N'tpierrii', N'WjAgn51jb', CAST(N'1995-04-26' AS Date), CAST(N'2025-03-19T19:02:00' AS SmallDateTime))
GO
INSERT [dbo].[users] ([id], [email], [nickname], [password], [birthday], [deleted_at]) VALUES (20, N'mnorthingj@meetup.com', N'sdachj', N'Zk5ZhYu', CAST(N'1998-11-05' AS Date), CAST(N'2025-03-19T19:02:00' AS SmallDateTime))
GO
INSERT [dbo].[users] ([id], [email], [nickname], [password], [birthday], [deleted_at]) VALUES (21, N'cfindlaterk@economist.com', N'yyellandk', N'vL8mCPRrNtj', CAST(N'1999-05-17' AS Date), CAST(N'2022-06-25T10:30:00' AS SmallDateTime))
GO
INSERT [dbo].[users] ([id], [email], [nickname], [password], [birthday], [deleted_at]) VALUES (22, N'tkyteleyl@house.gov', N'gtwydelll', N'3q8V5FqHm7z', CAST(N'1992-11-11' AS Date), CAST(N'2022-06-25T10:30:00' AS SmallDateTime))
GO
INSERT [dbo].[users] ([id], [email], [nickname], [password], [birthday], [deleted_at]) VALUES (23, N'lobraym@pcworld.com', N'cgrouenm', N'4XJS6sbZyW', CAST(N'1995-03-15' AS Date), CAST(N'2022-06-25T10:30:00' AS SmallDateTime))
GO
INSERT [dbo].[users] ([id], [email], [nickname], [password], [birthday], [deleted_at]) VALUES (24, N'gchattertonn@free.fr', N'gtuxwelln', N'wEdYk8Q', CAST(N'1987-09-06' AS Date), CAST(N'2022-06-25T10:30:00' AS SmallDateTime))
GO
INSERT [dbo].[users] ([id], [email], [nickname], [password], [birthday], [deleted_at]) VALUES (25, N'hlowatero@blogtalkradio.com', N'hkrystofo', N'ESpQWU7', CAST(N'2001-12-16' AS Date), CAST(N'2022-06-25T10:30:00' AS SmallDateTime))
GO
INSERT [dbo].[users] ([id], [email], [nickname], [password], [birthday], [deleted_at]) VALUES (26, N'kbarabischp@acquirethisname.com', N'xxxxxxxxx', N'R1m4P7hwC', CAST(N'1995-11-05' AS Date), CAST(N'2022-06-25T11:43:00' AS SmallDateTime))
GO
INSERT [dbo].[users] ([id], [email], [nickname], [password], [birthday], [deleted_at]) VALUES (27, N'fbraddockq@eepurl.com', N'fgrenvilleq', N'OvmlFRCsIe', CAST(N'1996-04-19' AS Date), CAST(N'2022-06-25T11:43:00' AS SmallDateTime))
GO
INSERT [dbo].[users] ([id], [email], [nickname], [password], [birthday], [deleted_at]) VALUES (28, N'cetheridger@php.net', N'aanlayr', N'czCP4vy', CAST(N'1990-04-03' AS Date), CAST(N'2022-06-25T11:43:00' AS SmallDateTime))
GO
INSERT [dbo].[users] ([id], [email], [nickname], [password], [birthday], [deleted_at]) VALUES (29, N'lcressars@purevolume.com', N'mcarnelleys', N'BjYrnSo', CAST(N'1988-12-24' AS Date), CAST(N'2022-06-25T11:43:00' AS SmallDateTime))
GO
INSERT [dbo].[users] ([id], [email], [nickname], [password], [birthday], [deleted_at]) VALUES (30, N'cscarlint@imageshack.us', N'tmccuist', N'TId1zRCMM1J', CAST(N'2003-02-24' AS Date), CAST(N'2022-06-25T11:43:00' AS SmallDateTime))
GO
INSERT [dbo].[users] ([id], [email], [nickname], [password], [birthday], [deleted_at]) VALUES (31, N'ewhappleu@uol.com.br', N'kkubalu', N'EIkzqK1wgKB', CAST(N'1989-11-25' AS Date), CAST(N'2022-06-25T11:43:00' AS SmallDateTime))
GO
INSERT [dbo].[users] ([id], [email], [nickname], [password], [birthday], [deleted_at]) VALUES (32, N'gboytonv@jalbum.net', N'wlockhartv', N'hpZJS5', CAST(N'1987-05-15' AS Date), CAST(N'2022-06-25T11:43:00' AS SmallDateTime))
GO
INSERT [dbo].[users] ([id], [email], [nickname], [password], [birthday], [deleted_at]) VALUES (33, N'dwillstropw@constantcontact.com', N'dminchindonw', N'omAvAYe', CAST(N'1999-10-18' AS Date), CAST(N'2022-06-25T11:43:00' AS SmallDateTime))
GO
INSERT [dbo].[users] ([id], [email], [nickname], [password], [birthday], [deleted_at]) VALUES (34, N'aviantx@trellian.com', N'mbodimeadex', N'iX0ieSn', CAST(N'1986-07-27' AS Date), CAST(N'2022-06-25T11:43:00' AS SmallDateTime))
GO
INSERT [dbo].[users] ([id], [email], [nickname], [password], [birthday], [deleted_at]) VALUES (35, N'ahaslegravey@furl.net', N'mbradeny', N'XuObBgVT', CAST(N'2001-01-23' AS Date), CAST(N'2022-06-25T11:43:00' AS SmallDateTime))
GO
INSERT [dbo].[users] ([id], [email], [nickname], [password], [birthday], [deleted_at]) VALUES (36, N'gwychez@phpbb.com', N'lcrannellz', N'5RbiTrw2', CAST(N'2001-10-15' AS Date), CAST(N'2022-06-25T11:43:00' AS SmallDateTime))
GO
INSERT [dbo].[users] ([id], [email], [nickname], [password], [birthday], [deleted_at]) VALUES (37, N'clegges10@canalblog.com', N'fgoggan10', N'0sRQp1gUgaus', CAST(N'1988-07-01' AS Date), CAST(N'2022-06-25T11:43:00' AS SmallDateTime))
GO
INSERT [dbo].[users] ([id], [email], [nickname], [password], [birthday], [deleted_at]) VALUES (38, N'esynan11@plala.or.jp', N'mlongmaid11', N'Dh9fiyg', CAST(N'2001-08-26' AS Date), CAST(N'2022-06-25T11:43:00' AS SmallDateTime))
GO
INSERT [dbo].[users] ([id], [email], [nickname], [password], [birthday], [deleted_at]) VALUES (39, N'dyekel12@gov.uk', N'cdamsell12', N'0fD2ZFPHZ', CAST(N'2000-04-08' AS Date), CAST(N'2022-06-25T11:43:00' AS SmallDateTime))
GO
INSERT [dbo].[users] ([id], [email], [nickname], [password], [birthday], [deleted_at]) VALUES (40, N'csarfas13@bloomberg.com', N'dbuckam13', N'nESxyl', CAST(N'1996-08-26' AS Date), CAST(N'2022-06-25T11:43:00' AS SmallDateTime))
GO
INSERT [dbo].[users] ([id], [email], [nickname], [password], [birthday], [deleted_at]) VALUES (41, N'bdevenport14@epa.gov', N'bgiroldi14', N'fAKH6f5u2', CAST(N'1991-01-21' AS Date), CAST(N'2022-06-25T11:43:00' AS SmallDateTime))
GO
INSERT [dbo].[users] ([id], [email], [nickname], [password], [birthday], [deleted_at]) VALUES (42, N'eburrill15@noaa.gov', N'jbridson15', N'jNhY7Qa4XCt', CAST(N'1991-08-18' AS Date), CAST(N'2022-06-25T11:43:00' AS SmallDateTime))
GO
INSERT [dbo].[users] ([id], [email], [nickname], [password], [birthday], [deleted_at]) VALUES (43, N'qbuckenhill16@google.co.jp', N'egilberthorpe16', N'udEqh0IQFT', CAST(N'2002-05-25' AS Date), CAST(N'2022-06-25T11:43:00' AS SmallDateTime))
GO
INSERT [dbo].[users] ([id], [email], [nickname], [password], [birthday], [deleted_at]) VALUES (44, N'ccoggon17@newyorker.com', N'kruste17', N'VDdBE8K', CAST(N'1998-02-17' AS Date), CAST(N'2022-06-25T11:43:00' AS SmallDateTime))
GO
INSERT [dbo].[users] ([id], [email], [nickname], [password], [birthday], [deleted_at]) VALUES (45, N'vearle18@newsvine.com', N'hmatschoss18', N'OEfOga5', CAST(N'1991-08-14' AS Date), CAST(N'2022-06-25T11:43:00' AS SmallDateTime))
GO
INSERT [dbo].[users] ([id], [email], [nickname], [password], [birthday], [deleted_at]) VALUES (46, N'fsorey19@artisteer.com', N'fturfin19', N'OBW4FG', CAST(N'1986-06-29' AS Date), CAST(N'2022-06-25T11:43:00' AS SmallDateTime))
GO
INSERT [dbo].[users] ([id], [email], [nickname], [password], [birthday], [deleted_at]) VALUES (47, N'jlatey1a@facebook.com', N'lsisnett1a', N'aNwYjt', CAST(N'1986-06-01' AS Date), CAST(N'2022-06-25T11:43:00' AS SmallDateTime))
GO
INSERT [dbo].[users] ([id], [email], [nickname], [password], [birthday], [deleted_at]) VALUES (48, N'olittler1b@sbwire.com', N'rrentoll1b', N'rujTADUSF9', CAST(N'1995-11-20' AS Date), CAST(N'2022-06-25T11:43:00' AS SmallDateTime))
GO
INSERT [dbo].[users] ([id], [email], [nickname], [password], [birthday], [deleted_at]) VALUES (49, N'mbelsey1c@mayoclinic.com', N'gbeadles1c', N'j3D2XaSXs6', CAST(N'1990-06-05' AS Date), CAST(N'2022-06-25T11:43:00' AS SmallDateTime))
GO
INSERT [dbo].[users] ([id], [email], [nickname], [password], [birthday], [deleted_at]) VALUES (50, N'vwildin1d@weebly.com', N'lodornan1d', N'ldK3QORu', CAST(N'1985-09-02' AS Date), NULL)
GO
INSERT [dbo].[users] ([id], [email], [nickname], [password], [birthday], [deleted_at]) VALUES (51, N'fcoram1e@shinystat.com', N'cknibley1e', N'ZaU9C6gz', CAST(N'1995-01-06' AS Date), NULL)
GO
INSERT [dbo].[users] ([id], [email], [nickname], [password], [birthday], [deleted_at]) VALUES (52, N'pshannahan1f@wired.com', N'mlandsbury1f', N'bAY3Y4oRNbT', CAST(N'2002-02-05' AS Date), NULL)
GO
INSERT [dbo].[users] ([id], [email], [nickname], [password], [birthday], [deleted_at]) VALUES (53, N'rwolsey1g@nydailynews.com', N'bheinsius1g', N'1YdaJw5D', CAST(N'2000-01-11' AS Date), NULL)
GO
INSERT [dbo].[users] ([id], [email], [nickname], [password], [birthday], [deleted_at]) VALUES (54, N'dlumsdale1h@bloglovin.com', N'rsedge1h', N'ADV0kj', CAST(N'2001-05-26' AS Date), NULL)
GO
INSERT [dbo].[users] ([id], [email], [nickname], [password], [birthday], [deleted_at]) VALUES (55, N'adungey1i@cdc.gov', N'hhammel1i', N'YG4pSArna', CAST(N'1994-02-28' AS Date), NULL)
GO
INSERT [dbo].[users] ([id], [email], [nickname], [password], [birthday], [deleted_at]) VALUES (56, N'cburgess1j@hc360.com', N'iaronovitz1j', N'WR5bcQG', CAST(N'1996-01-05' AS Date), NULL)
GO
INSERT [dbo].[users] ([id], [email], [nickname], [password], [birthday], [deleted_at]) VALUES (57, N'cashmole1k@npr.org', N'bjeaffreson1k', N'UbU2xY', CAST(N'1995-11-06' AS Date), NULL)
GO
INSERT [dbo].[users] ([id], [email], [nickname], [password], [birthday], [deleted_at]) VALUES (58, N'rburras1l@parallels.com', N'bgillaspy1l', N'nz0dYEHB66ah', CAST(N'1991-06-10' AS Date), NULL)
GO
INSERT [dbo].[users] ([id], [email], [nickname], [password], [birthday], [deleted_at]) VALUES (59, N'bsighard1m@cafepress.com', N'kdelgua1m', N'RuROCO9L5', CAST(N'2000-10-25' AS Date), NULL)
GO
INSERT [dbo].[users] ([id], [email], [nickname], [password], [birthday], [deleted_at]) VALUES (60, N'gsimmen1n@chicagotribune.com', N'csalway1n', N'JdjQ5z4ERUr', CAST(N'1990-02-13' AS Date), NULL)
GO
INSERT [dbo].[users] ([id], [email], [nickname], [password], [birthday], [deleted_at]) VALUES (61, N'hmcvee1o@economist.com', N'lgomby1o', N'syEmHN', CAST(N'2002-12-15' AS Date), NULL)
GO
INSERT [dbo].[users] ([id], [email], [nickname], [password], [birthday], [deleted_at]) VALUES (62, N'clindell1p@google.it', N'gthames1p', N's0cIPH', CAST(N'1986-11-21' AS Date), NULL)
GO
INSERT [dbo].[users] ([id], [email], [nickname], [password], [birthday], [deleted_at]) VALUES (63, N'jkrauze1q@opera.com', N'kjess1q', N'VejpLxz3NrW4', CAST(N'2000-11-13' AS Date), NULL)
GO
INSERT [dbo].[users] ([id], [email], [nickname], [password], [birthday], [deleted_at]) VALUES (64, N'irheam1r@cnn.com', N'mrepp1r', N'HNpsnQ98G2Rn', CAST(N'1993-06-27' AS Date), NULL)
GO
INSERT [dbo].[users] ([id], [email], [nickname], [password], [birthday], [deleted_at]) VALUES (65, N'mvaughten1s@wikipedia.org', N'atowns1s', N'4LVMdHSqP', CAST(N'2001-04-06' AS Date), NULL)
GO
INSERT [dbo].[users] ([id], [email], [nickname], [password], [birthday], [deleted_at]) VALUES (66, N'vscotchmore1t@sciencedirect.com', N'ameir1t', N'HWjUo8', CAST(N'1990-08-24' AS Date), NULL)
GO
INSERT [dbo].[users] ([id], [email], [nickname], [password], [birthday], [deleted_at]) VALUES (67, N'jpeskett1u@google.com', N'ctwaits1u', N'QkYAJNkAQ', CAST(N'2000-01-27' AS Date), NULL)
GO
INSERT [dbo].[users] ([id], [email], [nickname], [password], [birthday], [deleted_at]) VALUES (68, N'nbowditch1v@about.com', N'bcoytes1v', N'qqFjIJBgo', CAST(N'1989-12-02' AS Date), NULL)
GO
INSERT [dbo].[users] ([id], [email], [nickname], [password], [birthday], [deleted_at]) VALUES (69, N'owyvill1w@a8.net', N'jbonsul1w', N'qpBlWA', CAST(N'2003-01-19' AS Date), NULL)
GO
INSERT [dbo].[users] ([id], [email], [nickname], [password], [birthday], [deleted_at]) VALUES (70, N'mmcillrick1x@godaddy.com', N'wcapper1x', N'PUrxVilsSnwe', CAST(N'1986-12-12' AS Date), NULL)
GO
INSERT [dbo].[users] ([id], [email], [nickname], [password], [birthday], [deleted_at]) VALUES (71, N'kthaw1y@mapquest.com', N'tbusen1y', N'i3TXSlp', CAST(N'1993-12-16' AS Date), NULL)
GO
INSERT [dbo].[users] ([id], [email], [nickname], [password], [birthday], [deleted_at]) VALUES (72, N'zfoan1z@theguardian.com', N'ggrindell1z', N'W3vnaRlV3', CAST(N'1999-07-15' AS Date), NULL)
GO
INSERT [dbo].[users] ([id], [email], [nickname], [password], [birthday], [deleted_at]) VALUES (73, N'eguppie20@devhub.com', N'gfeast20', N'zANrpcxy', CAST(N'1989-07-16' AS Date), NULL)
GO
INSERT [dbo].[users] ([id], [email], [nickname], [password], [birthday], [deleted_at]) VALUES (74, N'jcaplen21@house.gov', N'kgadie21', N'2onNTJ73Jvj', CAST(N'1992-09-26' AS Date), NULL)
GO
INSERT [dbo].[users] ([id], [email], [nickname], [password], [birthday], [deleted_at]) VALUES (75, N'dbrackpool22@comsenz.com', N'rroos22', N'IGtfCwxQi', CAST(N'1993-12-29' AS Date), NULL)
GO
INSERT [dbo].[users] ([id], [email], [nickname], [password], [birthday], [deleted_at]) VALUES (76, N'mraistrick23@xinhuanet.com', N'lborles23', N'5fUneK6RS', CAST(N'1987-03-03' AS Date), NULL)
GO
INSERT [dbo].[users] ([id], [email], [nickname], [password], [birthday], [deleted_at]) VALUES (77, N'geyden24@phoca.cz', N'elehrahan24', N'cUbD3Gypq', CAST(N'1992-02-14' AS Date), NULL)
GO
INSERT [dbo].[users] ([id], [email], [nickname], [password], [birthday], [deleted_at]) VALUES (78, N'rmulles25@alibaba.com', N'dtruett25', N'tGizMF', CAST(N'1996-05-31' AS Date), NULL)
GO
INSERT [dbo].[users] ([id], [email], [nickname], [password], [birthday], [deleted_at]) VALUES (79, N'tbeedle26@dailymail.co.uk', N'agaitley26', N'6t275DzPvWZ0', CAST(N'1990-09-08' AS Date), NULL)
GO
INSERT [dbo].[users] ([id], [email], [nickname], [password], [birthday], [deleted_at]) VALUES (80, N'ikenwrick27@oracle.com', N'gocooney27', N'2xTmKtG', CAST(N'2000-05-23' AS Date), NULL)
GO
INSERT [dbo].[users] ([id], [email], [nickname], [password], [birthday], [deleted_at]) VALUES (81, N'pvann28@networkadvertising.org', N'hdeegan28', N'yWFtMHf', CAST(N'1999-07-25' AS Date), NULL)
GO
INSERT [dbo].[users] ([id], [email], [nickname], [password], [birthday], [deleted_at]) VALUES (82, N'ebartlosz29@sogou.com', N'sraysdale29', N'MBvqHEL', CAST(N'1995-07-30' AS Date), NULL)
GO
INSERT [dbo].[users] ([id], [email], [nickname], [password], [birthday], [deleted_at]) VALUES (83, N'srapo2a@artisteer.com', N'skieran2a', N'1VjGQPDv5', CAST(N'1988-11-19' AS Date), NULL)
GO
INSERT [dbo].[users] ([id], [email], [nickname], [password], [birthday], [deleted_at]) VALUES (84, N'slangton2b@technorati.com', N'owimlet2b', N'FzzCA4BVe', CAST(N'1987-06-25' AS Date), NULL)
GO
INSERT [dbo].[users] ([id], [email], [nickname], [password], [birthday], [deleted_at]) VALUES (85, N'hhordell2c@lycos.com', N'amattisssen2c', N'UNQXnFpCQ', CAST(N'1994-03-31' AS Date), NULL)
GO
INSERT [dbo].[users] ([id], [email], [nickname], [password], [birthday], [deleted_at]) VALUES (86, N'dsholl2d@homestead.com', N'cjosofovitz2d', N'U6m2EaGgRoE', CAST(N'1990-12-03' AS Date), NULL)
GO
INSERT [dbo].[users] ([id], [email], [nickname], [password], [birthday], [deleted_at]) VALUES (87, N'mplowes2e@devhub.com', N'apetters2e', N'ZzLRXEy6', CAST(N'1994-04-25' AS Date), NULL)
GO
INSERT [dbo].[users] ([id], [email], [nickname], [password], [birthday], [deleted_at]) VALUES (88, N'oranking2f@dropbox.com', N'csketcher2f', N'vb6CDs3y2', CAST(N'1993-09-27' AS Date), NULL)
GO
INSERT [dbo].[users] ([id], [email], [nickname], [password], [birthday], [deleted_at]) VALUES (89, N'oeckery2g@businessweek.com', N'rmasters2g', N'7O8aLozCM', CAST(N'1995-09-15' AS Date), NULL)
GO
INSERT [dbo].[users] ([id], [email], [nickname], [password], [birthday], [deleted_at]) VALUES (90, N'dchudleigh2h@usatoday.com', N'dcoppen2h', N'nLM0be', CAST(N'1999-01-04' AS Date), NULL)
GO
INSERT [dbo].[users] ([id], [email], [nickname], [password], [birthday], [deleted_at]) VALUES (91, N'fkilgour2i@sciencedaily.com', N'mbrittain2i', N'5DmU4KnlcUl', CAST(N'1990-03-16' AS Date), NULL)
GO
INSERT [dbo].[users] ([id], [email], [nickname], [password], [birthday], [deleted_at]) VALUES (92, N'mburwin2j@flickr.com', N'leveling2j', N'OAkAjBU', CAST(N'1988-02-05' AS Date), NULL)
GO
INSERT [dbo].[users] ([id], [email], [nickname], [password], [birthday], [deleted_at]) VALUES (93, N'bnorree2k@accuweather.com', N'bnellies2k', N'Ye6VbSkEtQB', CAST(N'1993-11-12' AS Date), NULL)
GO
INSERT [dbo].[users] ([id], [email], [nickname], [password], [birthday], [deleted_at]) VALUES (94, N'mshadrack2l@icq.com', N'sbernaert2l', N'uj2dfJD9nyW', CAST(N'1991-01-04' AS Date), NULL)
GO
INSERT [dbo].[users] ([id], [email], [nickname], [password], [birthday], [deleted_at]) VALUES (95, N'vkillingbeck2m@wp.com', N'ahowselee2m', N'Wrk3p9kzn', CAST(N'1998-05-04' AS Date), NULL)
GO
INSERT [dbo].[users] ([id], [email], [nickname], [password], [birthday], [deleted_at]) VALUES (96, N'ncalyton2n@mapy.cz', N'kreames2n', N'7JFNXs8N3TGe', CAST(N'1998-08-11' AS Date), NULL)
GO
INSERT [dbo].[users] ([id], [email], [nickname], [password], [birthday], [deleted_at]) VALUES (97, N'evalenti2o@japanpost.jp', N'mdewey2o', N'dVeSWplx', CAST(N'1987-08-29' AS Date), NULL)
GO
INSERT [dbo].[users] ([id], [email], [nickname], [password], [birthday], [deleted_at]) VALUES (98, N'vvandenhof2p@wikimedia.org', N'cmeldrum2p', N'rSSCvPr', CAST(N'1989-04-13' AS Date), NULL)
GO
INSERT [dbo].[users] ([id], [email], [nickname], [password], [birthday], [deleted_at]) VALUES (99, N'pprendergrass2q@ucla.edu', N'cvass2q', N'R3SlkZ3', CAST(N'2002-02-10' AS Date), NULL)
GO
INSERT [dbo].[users] ([id], [email], [nickname], [password], [birthday], [deleted_at]) VALUES (100, N'dlethbridge2r@hubpages.com', N'cprendeville2r', N'14bhigm', CAST(N'1989-11-06' AS Date), NULL)
GO
INSERT [dbo].[users] ([id], [email], [nickname], [password], [birthday], [deleted_at]) VALUES (101, N'msangwin2s@home.pl', N'zgoldhawk2s', N'4Z6bSdByn', CAST(N'1994-05-06' AS Date), NULL)
GO
INSERT [dbo].[users] ([id], [email], [nickname], [password], [birthday], [deleted_at]) VALUES (102, N'bheart2t@gmpg.org', N'vladel2t', N'EZSxKClGeVSQ', CAST(N'2001-10-18' AS Date), NULL)
GO
INSERT [dbo].[users] ([id], [email], [nickname], [password], [birthday], [deleted_at]) VALUES (103, N'mmacalroy2u@altervista.org', N'dmcgragh2u', N'eDUTK1Eg', CAST(N'1999-11-07' AS Date), NULL)
GO
INSERT [dbo].[users] ([id], [email], [nickname], [password], [birthday], [deleted_at]) VALUES (104, N'mdelacote2v@qq.com', N'phowlings2v', N'quScLbOTizI', CAST(N'1998-10-13' AS Date), NULL)
GO
INSERT [dbo].[users] ([id], [email], [nickname], [password], [birthday], [deleted_at]) VALUES (105, N'mmason2w@bbc.co.uk', N'hquig2w', N'rRDKVQVo', CAST(N'1998-01-28' AS Date), NULL)
GO
INSERT [dbo].[users] ([id], [email], [nickname], [password], [birthday], [deleted_at]) VALUES (106, N'dhartup2x@sogou.com', N'emaciejewski2x', N'2wbT53', CAST(N'2003-02-09' AS Date), NULL)
GO
INSERT [dbo].[users] ([id], [email], [nickname], [password], [birthday], [deleted_at]) VALUES (107, N'cdanilishin2y@un.org', N'tlabastida2y', N'p9lshHp7k', CAST(N'1987-04-07' AS Date), NULL)
GO
INSERT [dbo].[users] ([id], [email], [nickname], [password], [birthday], [deleted_at]) VALUES (108, N'blauret2z@cyberchimps.com', N'klilywhite2z', N'F5CUyoZ5LML', CAST(N'1990-04-10' AS Date), NULL)
GO
INSERT [dbo].[users] ([id], [email], [nickname], [password], [birthday], [deleted_at]) VALUES (109, N'sgent30@tripadvisor.com', N'bpurkis30', N'L0FIUjnjPgH', CAST(N'1992-02-26' AS Date), NULL)
GO
INSERT [dbo].[users] ([id], [email], [nickname], [password], [birthday], [deleted_at]) VALUES (110, N'fagates31@1688.com', N'mlydden31', N'OFWVK91HN', CAST(N'1996-12-20' AS Date), NULL)
GO
INSERT [dbo].[users] ([id], [email], [nickname], [password], [birthday], [deleted_at]) VALUES (111, N'dklain32@upenn.edu', N'togley32', N'u2BOmev8yBf', CAST(N'1990-03-26' AS Date), NULL)
GO
INSERT [dbo].[users] ([id], [email], [nickname], [password], [birthday], [deleted_at]) VALUES (112, N'smoston33@prnewswire.com', N'cmatushevitz33', N'irZzEdg', CAST(N'1994-03-24' AS Date), NULL)
GO
INSERT [dbo].[users] ([id], [email], [nickname], [password], [birthday], [deleted_at]) VALUES (113, N'llimbert34@wsj.com', N'rgould34', N'CncyUh6AzjvD', CAST(N'1998-11-29' AS Date), NULL)
GO
INSERT [dbo].[users] ([id], [email], [nickname], [password], [birthday], [deleted_at]) VALUES (114, N'cstainfield35@illinois.edu', N'daleksandrikin35', N'j5PZjmRXyap', CAST(N'1988-10-17' AS Date), NULL)
GO
INSERT [dbo].[users] ([id], [email], [nickname], [password], [birthday], [deleted_at]) VALUES (115, N'fbert36@ocn.ne.jp', N'wpagram36', N'3GWq0ByMBw', CAST(N'1998-07-17' AS Date), NULL)
GO
INSERT [dbo].[users] ([id], [email], [nickname], [password], [birthday], [deleted_at]) VALUES (116, N'ccoltan37@springer.com', N'jduckett37', N'lEXumQ', CAST(N'1987-10-08' AS Date), NULL)
GO
INSERT [dbo].[users] ([id], [email], [nickname], [password], [birthday], [deleted_at]) VALUES (117, N'lbungey38@cdbaby.com', N'bireland38', N'ermuQTk', CAST(N'2000-07-18' AS Date), NULL)
GO
INSERT [dbo].[users] ([id], [email], [nickname], [password], [birthday], [deleted_at]) VALUES (118, N'ccroasdale39@google.fr', N'utomkys39', N'SUTIPk5Xyl', CAST(N'1989-08-13' AS Date), NULL)
GO
INSERT [dbo].[users] ([id], [email], [nickname], [password], [birthday], [deleted_at]) VALUES (119, N'gllopis3a@earthlink.net', N'chyman3a', N'pZFukViiFAL', CAST(N'1991-06-07' AS Date), NULL)
GO
INSERT [dbo].[users] ([id], [email], [nickname], [password], [birthday], [deleted_at]) VALUES (120, N'mbuttress3b@japanpost.jp', N'kcollop3b', N'csW3i9cm0p5E', CAST(N'1988-02-21' AS Date), NULL)
GO
INSERT [dbo].[users] ([id], [email], [nickname], [password], [birthday], [deleted_at]) VALUES (121, N'efowden3c@reddit.com', N'iantoniat3c', N'3PILhNJi6VD', CAST(N'1988-02-29' AS Date), NULL)
GO
INSERT [dbo].[users] ([id], [email], [nickname], [password], [birthday], [deleted_at]) VALUES (122, N'aenos3d@devhub.com', N'saldam3d', N'zQ3HybtUG9g', CAST(N'1992-11-30' AS Date), NULL)
GO
INSERT [dbo].[users] ([id], [email], [nickname], [password], [birthday], [deleted_at]) VALUES (123, N'mmcmearty3e@hugedomains.com', N'mmaud3e', N'AfGtroh4', CAST(N'1995-12-04' AS Date), NULL)
GO
INSERT [dbo].[users] ([id], [email], [nickname], [password], [birthday], [deleted_at]) VALUES (124, N'ggolledge3f@npr.org', N'tlongman3f', N'IyJANiILec', CAST(N'1998-11-09' AS Date), NULL)
GO
INSERT [dbo].[users] ([id], [email], [nickname], [password], [birthday], [deleted_at]) VALUES (125, N'crushmer3g@blogspot.com', N'bcruttenden3g', N'4FDVt0ZYS', CAST(N'1993-05-10' AS Date), NULL)
GO
INSERT [dbo].[users] ([id], [email], [nickname], [password], [birthday], [deleted_at]) VALUES (126, N'epetrazzi3h@miibeian.gov.cn', N'tbatterton3h', N'VR8C1wEY', CAST(N'1994-02-05' AS Date), NULL)
GO
INSERT [dbo].[users] ([id], [email], [nickname], [password], [birthday], [deleted_at]) VALUES (127, N'lchellam3i@cam.ac.uk', N'hiacovides3i', N'uw1aw7kzjR2', CAST(N'1986-06-25' AS Date), NULL)
GO
INSERT [dbo].[users] ([id], [email], [nickname], [password], [birthday], [deleted_at]) VALUES (128, N'abiskupek3j@fastcompany.com', N'jbebbington3j', N'5iEj3vzc', CAST(N'1996-04-21' AS Date), NULL)
GO
INSERT [dbo].[users] ([id], [email], [nickname], [password], [birthday], [deleted_at]) VALUES (129, N'ssunderland3k@acquirethisname.com', N'udiggles3k', N'CzGxaQi', CAST(N'1999-09-05' AS Date), NULL)
GO
INSERT [dbo].[users] ([id], [email], [nickname], [password], [birthday], [deleted_at]) VALUES (130, N'sbeacon3l@yahoo.com', N'tpattington3l', N'WxefFn6', CAST(N'1991-07-31' AS Date), NULL)
GO
INSERT [dbo].[users] ([id], [email], [nickname], [password], [birthday], [deleted_at]) VALUES (131, N'mcoate3m@unicef.org', N'fletertre3m', N'kbZ0TE', CAST(N'2000-02-21' AS Date), NULL)
GO
INSERT [dbo].[users] ([id], [email], [nickname], [password], [birthday], [deleted_at]) VALUES (132, N'fsayse3n@liveinternet.ru', N'pcarsey3n', N'MNy9lYzOYE17', CAST(N'1990-04-29' AS Date), NULL)
GO
INSERT [dbo].[users] ([id], [email], [nickname], [password], [birthday], [deleted_at]) VALUES (133, N'ohamly3o@thetimes.co.uk', N'jgoulding3o', N'9ffe8wnm9u3', CAST(N'1985-06-29' AS Date), NULL)
GO
INSERT [dbo].[users] ([id], [email], [nickname], [password], [birthday], [deleted_at]) VALUES (134, N'eskokoe3p@livejournal.com', N'llincoln3p', N'ZKpABwZ', CAST(N'1989-05-26' AS Date), NULL)
GO
INSERT [dbo].[users] ([id], [email], [nickname], [password], [birthday], [deleted_at]) VALUES (135, N'fcourtney3q@ihg.com', N'dthebeau3q', N'eIPcgkATiD', CAST(N'1988-03-04' AS Date), NULL)
GO
INSERT [dbo].[users] ([id], [email], [nickname], [password], [birthday], [deleted_at]) VALUES (136, N'bfrankema3r@artisteer.com', N'jbudding3r', N'D1MDMIYZv', CAST(N'1993-10-15' AS Date), NULL)
GO
INSERT [dbo].[users] ([id], [email], [nickname], [password], [birthday], [deleted_at]) VALUES (137, N'hgerrietz3s@unblog.fr', N'emckinnon3s', N'zcGLyln4JoP', CAST(N'1989-04-03' AS Date), NULL)
GO
INSERT [dbo].[users] ([id], [email], [nickname], [password], [birthday], [deleted_at]) VALUES (138, N'tmckay3t@indiatimes.com', N'rshortin3t', N'dmJ3jJo', CAST(N'1997-06-19' AS Date), NULL)
GO
INSERT [dbo].[users] ([id], [email], [nickname], [password], [birthday], [deleted_at]) VALUES (139, N'drosenhaupt3u@omniture.com', N'hgarrique3u', N'tPfi989Fid', CAST(N'1987-11-30' AS Date), NULL)
GO
INSERT [dbo].[users] ([id], [email], [nickname], [password], [birthday], [deleted_at]) VALUES (140, N'mcanet3v@free.fr', N'oplaistowe3v', N'yNAJgACxXJWw', CAST(N'1988-12-17' AS Date), NULL)
GO
INSERT [dbo].[users] ([id], [email], [nickname], [password], [birthday], [deleted_at]) VALUES (141, N'flower3w@unesco.org', N'gwederell3w', N'ktGKEDPI1cRg', CAST(N'1997-05-07' AS Date), NULL)
GO
INSERT [dbo].[users] ([id], [email], [nickname], [password], [birthday], [deleted_at]) VALUES (142, N'pwelbelove3x@123-reg.co.uk', N'pgori3x', N'LPVrZ0UcyZn6', CAST(N'1990-01-14' AS Date), NULL)
GO
INSERT [dbo].[users] ([id], [email], [nickname], [password], [birthday], [deleted_at]) VALUES (143, N'mwrightim3y@liveinternet.ru', N'ochudleigh3y', N'KvTtx3ElQj', CAST(N'1997-11-16' AS Date), NULL)
GO
INSERT [dbo].[users] ([id], [email], [nickname], [password], [birthday], [deleted_at]) VALUES (144, N'msyce3z@admin.ch', N'afosdick3z', N'E6cVzy1FPR', CAST(N'1985-07-04' AS Date), NULL)
GO
INSERT [dbo].[users] ([id], [email], [nickname], [password], [birthday], [deleted_at]) VALUES (145, N'tgabbetis40@shop-pro.jp', N'awrightam40', N'BGs5c0KvcP', CAST(N'1990-07-01' AS Date), NULL)
GO
INSERT [dbo].[users] ([id], [email], [nickname], [password], [birthday], [deleted_at]) VALUES (146, N'nstarford41@livejournal.com', N'mchristofides41', N'zdSLE41AGqcN', CAST(N'2003-01-31' AS Date), NULL)
GO
INSERT [dbo].[users] ([id], [email], [nickname], [password], [birthday], [deleted_at]) VALUES (147, N'kdix42@list-manage.com', N'ksommerton42', N'GQdIkkN', CAST(N'1998-12-06' AS Date), NULL)
GO
INSERT [dbo].[users] ([id], [email], [nickname], [password], [birthday], [deleted_at]) VALUES (148, N'cbram43@usgs.gov', N'jburr43', N'KdWsg3pY', CAST(N'1999-02-18' AS Date), NULL)
GO
INSERT [dbo].[users] ([id], [email], [nickname], [password], [birthday], [deleted_at]) VALUES (149, N'sgraalman44@alexa.com', N'dbonds44', N'pGBWr05RhFT', CAST(N'1997-02-12' AS Date), NULL)
GO
INSERT [dbo].[users] ([id], [email], [nickname], [password], [birthday], [deleted_at]) VALUES (150, N'lbetchley45@oaic.gov.au', N'mvideneev45', N'MQK4B0Z', CAST(N'1988-05-22' AS Date), NULL)
GO
INSERT [dbo].[users] ([id], [email], [nickname], [password], [birthday], [deleted_at]) VALUES (151, N'phaggerston46@networksolutions.com', N'bithell46', N'nILJJG', CAST(N'1996-06-22' AS Date), NULL)
GO
INSERT [dbo].[users] ([id], [email], [nickname], [password], [birthday], [deleted_at]) VALUES (152, N'adutteridge47@usa.gov', N'pwhitlow47', N'Qx6YXO43', CAST(N'1994-02-07' AS Date), NULL)
GO
INSERT [dbo].[users] ([id], [email], [nickname], [password], [birthday], [deleted_at]) VALUES (153, N'mantonik48@amazonaws.com', N'fmoxsom48', N'ub79TEh48c', CAST(N'2000-06-02' AS Date), NULL)
GO
INSERT [dbo].[users] ([id], [email], [nickname], [password], [birthday], [deleted_at]) VALUES (154, N'ldiggens49@craigslist.org', N'mskiplorne49', N'y2f4IUjF', CAST(N'1997-02-28' AS Date), NULL)
GO
INSERT [dbo].[users] ([id], [email], [nickname], [password], [birthday], [deleted_at]) VALUES (155, N'kmastrantone4a@so-net.ne.jp', N'ahawkey4a', N'93cLJ8VEi6pR', CAST(N'2001-02-28' AS Date), NULL)
GO
INSERT [dbo].[users] ([id], [email], [nickname], [password], [birthday], [deleted_at]) VALUES (156, N'dklaesson4b@cdc.gov', N'rcaunter4b', N'hgYBLGf1', CAST(N'1989-06-16' AS Date), NULL)
GO
INSERT [dbo].[users] ([id], [email], [nickname], [password], [birthday], [deleted_at]) VALUES (157, N'obeccera4c@example.com', N'lburrell4c', N'Wfwk0i23wg', CAST(N'1987-01-30' AS Date), NULL)
GO
INSERT [dbo].[users] ([id], [email], [nickname], [password], [birthday], [deleted_at]) VALUES (158, N'jcoppen4d@parallels.com', N'shousecraft4d', N'CQj1FRVi9qbC', CAST(N'1996-07-23' AS Date), NULL)
GO
INSERT [dbo].[users] ([id], [email], [nickname], [password], [birthday], [deleted_at]) VALUES (159, N'amolloy4e@skype.com', N'glightwood4e', N'IEYxdLeG0', CAST(N'2002-10-17' AS Date), NULL)
GO
INSERT [dbo].[users] ([id], [email], [nickname], [password], [birthday], [deleted_at]) VALUES (160, N'jtattershall4f@engadget.com', N'afairest4f', N'Wh4wOxOZT', CAST(N'1996-10-15' AS Date), NULL)
GO
INSERT [dbo].[users] ([id], [email], [nickname], [password], [birthday], [deleted_at]) VALUES (161, N'ostansfield4g@gnu.org', N'cpascoe4g', N'JGSSm4', CAST(N'1994-08-09' AS Date), NULL)
GO
INSERT [dbo].[users] ([id], [email], [nickname], [password], [birthday], [deleted_at]) VALUES (162, N'dtapley4h@techcrunch.com', N'edavydenko4h', N'Top6Ffup', CAST(N'1986-01-07' AS Date), NULL)
GO
INSERT [dbo].[users] ([id], [email], [nickname], [password], [birthday], [deleted_at]) VALUES (163, N'liggulden4i@desdev.cn', N'cvasishchev4i', N'7lL1gV', CAST(N'2000-05-31' AS Date), NULL)
GO
INSERT [dbo].[users] ([id], [email], [nickname], [password], [birthday], [deleted_at]) VALUES (164, N'dwrigley4j@alexa.com', N'vtithecote4j', N'wTmKI1Q5bVDu', CAST(N'1987-06-11' AS Date), NULL)
GO
INSERT [dbo].[users] ([id], [email], [nickname], [password], [birthday], [deleted_at]) VALUES (165, N'fknibley4k@arstechnica.com', N'ggerriet4k', N'Iqwxtk', CAST(N'1986-07-08' AS Date), NULL)
GO
INSERT [dbo].[users] ([id], [email], [nickname], [password], [birthday], [deleted_at]) VALUES (166, N'jdando4l@ning.com', N'awilstead4l', N'quDRQau', CAST(N'2000-10-16' AS Date), NULL)
GO
INSERT [dbo].[users] ([id], [email], [nickname], [password], [birthday], [deleted_at]) VALUES (167, N'agriffin4m@webs.com', N'bcorgenvin4m', N'nwqOuc', CAST(N'1991-04-06' AS Date), NULL)
GO
INSERT [dbo].[users] ([id], [email], [nickname], [password], [birthday], [deleted_at]) VALUES (168, N'lstrongman4n@t.co', N'erichard4n', N'YSYq6mC', CAST(N'1999-07-09' AS Date), NULL)
GO
INSERT [dbo].[users] ([id], [email], [nickname], [password], [birthday], [deleted_at]) VALUES (169, N'bgogay4o@cnbc.com', N'kkunkel4o', N'3fKD9rU4S', CAST(N'1996-01-23' AS Date), NULL)
GO
INSERT [dbo].[users] ([id], [email], [nickname], [password], [birthday], [deleted_at]) VALUES (170, N'wliley4p@howstuffworks.com', N'ihuffadine4p', N'UFQlJY', CAST(N'2002-12-31' AS Date), NULL)
GO
INSERT [dbo].[users] ([id], [email], [nickname], [password], [birthday], [deleted_at]) VALUES (171, N'aelsip4q@dot.gov', N'bradoux4q', N'R281TkqOawu', CAST(N'1987-07-10' AS Date), NULL)
GO
INSERT [dbo].[users] ([id], [email], [nickname], [password], [birthday], [deleted_at]) VALUES (172, N'emccarlie4r@springer.com', N'agrinham4r', N'XmHwFP', CAST(N'1995-01-31' AS Date), NULL)
GO
INSERT [dbo].[users] ([id], [email], [nickname], [password], [birthday], [deleted_at]) VALUES (173, N'chaseldine4s@tiny.cc', N'amangeot4s', N'lK5sd99', CAST(N'1995-11-06' AS Date), NULL)
GO
INSERT [dbo].[users] ([id], [email], [nickname], [password], [birthday], [deleted_at]) VALUES (174, N'awharf4t@dyndns.org', N'mcamamill4t', N'XWU45owhr4', CAST(N'1996-07-25' AS Date), NULL)
GO
INSERT [dbo].[users] ([id], [email], [nickname], [password], [birthday], [deleted_at]) VALUES (175, N'cbalsdone4u@wiley.com', N'ckubala4u', N'I0QKTWi29', CAST(N'1990-01-06' AS Date), NULL)
GO
INSERT [dbo].[users] ([id], [email], [nickname], [password], [birthday], [deleted_at]) VALUES (176, N'rwycliff4v@fda.gov', N'kstetson4v', N'VIzEwo0XRw', CAST(N'1992-08-13' AS Date), NULL)
GO
INSERT [dbo].[users] ([id], [email], [nickname], [password], [birthday], [deleted_at]) VALUES (177, N'jbrede4w@bandcamp.com', N'mbradie4w', N'NK8T1Y', CAST(N'2001-05-31' AS Date), NULL)
GO
INSERT [dbo].[users] ([id], [email], [nickname], [password], [birthday], [deleted_at]) VALUES (178, N'blasham4x@homestead.com', N'pmustarde4x', N'9GCwfZm', CAST(N'1989-08-26' AS Date), NULL)
GO
INSERT [dbo].[users] ([id], [email], [nickname], [password], [birthday], [deleted_at]) VALUES (179, N'cfieldhouse4y@wikispaces.com', N'sgunbie4y', N'arnadzFvKf0Y', CAST(N'1993-05-15' AS Date), NULL)
GO
INSERT [dbo].[users] ([id], [email], [nickname], [password], [birthday], [deleted_at]) VALUES (180, N'ayaknov4z@booking.com', N'mjosskovitz4z', N'CrNYctc', CAST(N'1987-06-09' AS Date), NULL)
GO
INSERT [dbo].[users] ([id], [email], [nickname], [password], [birthday], [deleted_at]) VALUES (181, N'codoherty50@over-blog.com', N'bcuschieri50', N'e3qfk7bnmp', CAST(N'1992-11-19' AS Date), NULL)
GO
INSERT [dbo].[users] ([id], [email], [nickname], [password], [birthday], [deleted_at]) VALUES (182, N'prisdale51@dot.gov', N'jhowbrook51', N'Kqb4N2p5', CAST(N'1985-06-16' AS Date), NULL)
GO
INSERT [dbo].[users] ([id], [email], [nickname], [password], [birthday], [deleted_at]) VALUES (183, N'mgally52@archive.org', N'msimonou52', N'5ZmIEx9Yw1', CAST(N'2002-01-11' AS Date), NULL)
GO
INSERT [dbo].[users] ([id], [email], [nickname], [password], [birthday], [deleted_at]) VALUES (184, N'cligerton53@1688.com', N'vdudgeon53', N'VAQ5PYT', CAST(N'1990-08-11' AS Date), NULL)
GO
INSERT [dbo].[users] ([id], [email], [nickname], [password], [birthday], [deleted_at]) VALUES (185, N'chousecroft54@istockphoto.com', N'ginman54', N'9GvU38', CAST(N'2000-09-07' AS Date), NULL)
GO
INSERT [dbo].[users] ([id], [email], [nickname], [password], [birthday], [deleted_at]) VALUES (186, N'amundell55@hubpages.com', N'rfinley55', N'wTU2077brw', CAST(N'1989-06-12' AS Date), NULL)
GO
INSERT [dbo].[users] ([id], [email], [nickname], [password], [birthday], [deleted_at]) VALUES (187, N'mcordsen56@ezinearticles.com', N'dtunna56', N'zLrStyJa4AZ0', CAST(N'1991-10-01' AS Date), NULL)
GO
INSERT [dbo].[users] ([id], [email], [nickname], [password], [birthday], [deleted_at]) VALUES (188, N'lohear57@house.gov', N'nbirtley57', N'rxBzSWClXN', CAST(N'2002-04-22' AS Date), NULL)
GO
INSERT [dbo].[users] ([id], [email], [nickname], [password], [birthday], [deleted_at]) VALUES (189, N'tpietzner58@guardian.co.uk', N'jarndtsen58', N'rmDwQPTJSM', CAST(N'2000-12-26' AS Date), NULL)
GO
INSERT [dbo].[users] ([id], [email], [nickname], [password], [birthday], [deleted_at]) VALUES (190, N'hbamfield59@examiner.com', N'odrinkhall59', N'EnkxXSegS5', CAST(N'1988-03-23' AS Date), NULL)
GO
INSERT [dbo].[users] ([id], [email], [nickname], [password], [birthday], [deleted_at]) VALUES (191, N'csweetenham5a@amazon.de', N'cmeak5a', N'LF4D0NiQj9gk', CAST(N'1994-02-09' AS Date), NULL)
GO
INSERT [dbo].[users] ([id], [email], [nickname], [password], [birthday], [deleted_at]) VALUES (192, N'rarchdeacon5b@usnews.com', N'pchaplain5b', N'eJfvzQEQ', CAST(N'1987-05-16' AS Date), NULL)
GO
INSERT [dbo].[users] ([id], [email], [nickname], [password], [birthday], [deleted_at]) VALUES (193, N'cmolines5c@istockphoto.com', N'lfeldfisher5c', N'1vkonFMoc', CAST(N'2000-10-25' AS Date), NULL)
GO
INSERT [dbo].[users] ([id], [email], [nickname], [password], [birthday], [deleted_at]) VALUES (194, N'cferie5d@ebay.co.uk', N'hvickerman5d', N'ppVsgyaJhJ', CAST(N'1999-02-27' AS Date), NULL)
GO
INSERT [dbo].[users] ([id], [email], [nickname], [password], [birthday], [deleted_at]) VALUES (195, N'cthomassin5e@about.me', N'ctriggle5e', N'VAEF27c', CAST(N'1992-06-22' AS Date), NULL)
GO
INSERT [dbo].[users] ([id], [email], [nickname], [password], [birthday], [deleted_at]) VALUES (196, N'jgriffen5f@1688.com', N'lfurmonger5f', N'L0T6ilS', CAST(N'2000-03-07' AS Date), NULL)
GO
INSERT [dbo].[users] ([id], [email], [nickname], [password], [birthday], [deleted_at]) VALUES (197, N'ashillam5g@so-net.ne.jp', N'dfilipovic5g', N'FLHZKd5QmXJ', CAST(N'1996-09-12' AS Date), NULL)
GO
INSERT [dbo].[users] ([id], [email], [nickname], [password], [birthday], [deleted_at]) VALUES (198, N'cbeamand5h@delicious.com', N'kliley5h', N'Q9hCItc9W8', CAST(N'1990-01-07' AS Date), NULL)
GO
INSERT [dbo].[users] ([id], [email], [nickname], [password], [birthday], [deleted_at]) VALUES (199, N'cgrogona5i@earthlink.net', N'jmarklew5i', N'ZhBPqndbgg', CAST(N'1999-05-27' AS Date), NULL)
GO
INSERT [dbo].[users] ([id], [email], [nickname], [password], [birthday], [deleted_at]) VALUES (200, N'lbriance5j@xinhuanet.com', N'sjedrychowski5j', N'EvRrUuV0', CAST(N'2002-04-01' AS Date), NULL)
GO
INSERT [dbo].[users] ([id], [email], [nickname], [password], [birthday], [deleted_at]) VALUES (201, N'aaaa@aaa.aaa', N'aaaa', N'aaaaaaa', CAST(N'2010-03-12' AS Date), NULL)
GO
INSERT [dbo].[users] ([id], [email], [nickname], [password], [birthday], [deleted_at]) VALUES (206, N'www@www.www', N'www', N'wwwwww', CAST(N'2000-12-12' AS Date), NULL)
GO
INSERT [dbo].[users] ([id], [email], [nickname], [password], [birthday], [deleted_at]) VALUES (211, N'www3@www.www', N'www', N'wwwwww', CAST(N'2000-12-12' AS Date), NULL)
GO
INSERT [dbo].[users] ([id], [email], [nickname], [password], [birthday], [deleted_at]) VALUES (212, N'www4@www.www', N'www', N'wwwwww', CAST(N'2000-12-12' AS Date), NULL)
GO
INSERT [dbo].[users] ([id], [email], [nickname], [password], [birthday], [deleted_at]) VALUES (213, N'www5@www.www', N'www', N'wwwwww', CAST(N'2000-12-12' AS Date), NULL)
GO
INSERT [dbo].[users] ([id], [email], [nickname], [password], [birthday], [deleted_at]) VALUES (214, N'www6@www.www', N'www', N'wwwwww', CAST(N'2000-12-12' AS Date), NULL)
GO
INSERT [dbo].[users] ([id], [email], [nickname], [password], [birthday], [deleted_at]) VALUES (215, N'www7@www.www', N'www', N'wwwwww', CAST(N'2000-12-12' AS Date), NULL)
GO
INSERT [dbo].[users] ([id], [email], [nickname], [password], [birthday], [deleted_at]) VALUES (216, N'www8@www.www', N'www', N'wwwwww', CAST(N'2000-12-12' AS Date), NULL)
GO
SET IDENTITY_INSERT [dbo].[users] OFF
GO
SET ANSI_PADDING ON
GO
/****** Object:  Index [IX_users_email_unique]    Script Date: 27.03.2025 17:35:22 ******/
ALTER TABLE [dbo].[users] ADD  CONSTRAINT [IX_users_email_unique] UNIQUE NONCLUSTERED 
(
	[email] ASC
)WITH (PAD_INDEX = OFF, STATISTICS_NORECOMPUTE = OFF, SORT_IN_TEMPDB = OFF, IGNORE_DUP_KEY = OFF, ONLINE = OFF, ALLOW_ROW_LOCKS = ON, ALLOW_PAGE_LOCKS = ON, OPTIMIZE_FOR_SEQUENTIAL_KEY = OFF) ON [PRIMARY]
GO
ALTER TABLE [dbo].[albums]  WITH NOCHECK ADD  CONSTRAINT [FK_albums_users] FOREIGN KEY([user_id])
REFERENCES [dbo].[users] ([id])
GO
ALTER TABLE [dbo].[albums] CHECK CONSTRAINT [FK_albums_users]
GO
ALTER TABLE [dbo].[images]  WITH NOCHECK ADD  CONSTRAINT [FK_images_albums] FOREIGN KEY([album_id])
REFERENCES [dbo].[albums] ([id])
GO
ALTER TABLE [dbo].[images] CHECK CONSTRAINT [FK_images_albums]
GO
ALTER TABLE [dbo].[images]  WITH NOCHECK ADD  CONSTRAINT [FK_images_users] FOREIGN KEY([user_id])
REFERENCES [dbo].[users] ([id])
GO
ALTER TABLE [dbo].[images] CHECK CONSTRAINT [FK_images_users]
GO
